/*
SQLyog Ultimate v12.09 (64 bit)
MySQL - 10.4.17-MariaDB : Database - db_tubes
*********************************************************************
*/

/*!40101 SET NAMES utf8 */;

/*!40101 SET SQL_MODE=''*/;

/*!40014 SET @OLD_UNIQUE_CHECKS=@@UNIQUE_CHECKS, UNIQUE_CHECKS=0 */;
/*!40014 SET @OLD_FOREIGN_KEY_CHECKS=@@FOREIGN_KEY_CHECKS, FOREIGN_KEY_CHECKS=0 */;
/*!40101 SET @OLD_SQL_MODE=@@SQL_MODE, SQL_MODE='NO_AUTO_VALUE_ON_ZERO' */;
/*!40111 SET @OLD_SQL_NOTES=@@SQL_NOTES, SQL_NOTES=0 */;
CREATE DATABASE /*!32312 IF NOT EXISTS*/`db_tubes` /*!40100 DEFAULT CHARACTER SET utf8mb4 */;

USE `db_tubes`;

/*Table structure for table `m_iks` */

DROP TABLE IF EXISTS `m_iks`;

CREATE TABLE `m_iks` (
  `id` int(10) unsigned NOT NULL AUTO_INCREMENT,
  `kode` varchar(10) COLLATE utf8mb4_unicode_ci DEFAULT NULL,
  `nama` varchar(60) COLLATE utf8mb4_unicode_ci DEFAULT NULL,
  `penjamin_id` int(10) unsigned DEFAULT NULL COMMENT 'm_penjamin',
  `tipe_id` int(10) unsigned DEFAULT NULL COMMENT 'm_iks_tipe',
  `status_aktif` tinyint(4) DEFAULT NULL,
  `created_at` timestamp NOT NULL DEFAULT current_timestamp(),
  `created_by` int(11) DEFAULT NULL,
  `updated_at` timestamp NULL DEFAULT NULL,
  `updated_by` int(11) DEFAULT NULL,
  `deleted_at` timestamp NULL DEFAULT NULL,
  `masa_berlaku_awal` date DEFAULT NULL,
  `masa_berlaku_akhir` date DEFAULT NULL,
  PRIMARY KEY (`id`),
  KEY `tipe_id` (`tipe_id`),
  KEY `penjamin_id` (`penjamin_id`),
  CONSTRAINT `m_iks_ibfk_1` FOREIGN KEY (`tipe_id`) REFERENCES `m_iks_tipe` (`id`),
  CONSTRAINT `m_iks_ibfk_2` FOREIGN KEY (`penjamin_id`) REFERENCES `m_penjamin` (`id`)
) ENGINE=InnoDB AUTO_INCREMENT=190 DEFAULT CHARSET=utf8mb4 COLLATE=utf8mb4_unicode_ci;

/*Data for the table `m_iks` */

insert  into `m_iks`(`id`,`kode`,`nama`,`penjamin_id`,`tipe_id`,`status_aktif`,`created_at`,`created_by`,`updated_at`,`updated_by`,`deleted_at`,`masa_berlaku_awal`,`masa_berlaku_akhir`) values (2,'2','PT ACE LIFE ASSURANCE',3,4,1,'2022-10-17 11:36:56',NULL,'2022-12-21 10:02:23',NULL,NULL,'2022-12-23','2022-12-20'),(3,'3','PT. ASURANSI CENTRAL ASIA (ACA)',3,4,1,'2022-10-17 11:36:56',NULL,'2022-12-21 10:57:30',NULL,NULL,'2022-12-28','2022-12-22'),(4,'4','Karyawan dan Keluarga AdMedika',3,4,1,'2022-10-17 11:36:56',NULL,'2022-12-21 11:07:46',NULL,NULL,'2022-12-28','2022-12-22'),(5,'5','PT. A.J Central Asia Raya',3,4,1,'2022-10-17 11:36:56',NULL,'2022-12-21 12:10:45',NULL,NULL,'2022-12-21','2022-12-21'),(6,'6','PT. Asih Eka Abadi  (SOS International)',3,4,1,'2022-10-17 11:36:56',NULL,NULL,NULL,NULL,NULL,NULL),(7,'7','PT ASABRI',3,4,1,'2022-10-17 11:36:56',NULL,NULL,NULL,NULL,NULL,NULL),(8,'8','AIRNAV INDONESIA',3,4,1,'2022-10-17 11:36:56',NULL,NULL,NULL,NULL,NULL,NULL),(9,'9','MANDIRI INHEALTH',3,4,1,'2022-10-17 11:36:56',NULL,NULL,NULL,NULL,NULL,NULL),(10,'10','INHEALTH IDEMNITY -  MITAP',3,4,1,'2022-10-17 11:36:56',NULL,NULL,NULL,NULL,NULL,NULL),(11,'11','BUMIDA',3,4,1,'2022-10-17 11:36:56',NULL,NULL,NULL,NULL,NULL,NULL),(12,'12','PT. Asuransi Jiwa Sinarmas MSIG',3,4,1,'2022-10-17 11:36:56',NULL,NULL,NULL,NULL,NULL,NULL),(13,'13','PT. Asuransi Sinar mas (SIMAS CARD)',3,4,1,'2022-10-17 11:36:56',NULL,NULL,NULL,NULL,NULL,NULL),(14,'14','PT. Asuransi Takaful Keluarga ',3,4,1,'2022-10-17 11:36:56',NULL,NULL,NULL,NULL,NULL,NULL),(15,'15','PT. Asuransi Jiwa Astra',3,4,1,'2022-10-17 11:36:56',NULL,NULL,NULL,NULL,NULL,NULL),(16,'16','PT AVRIST ASSURANCE',3,4,1,'2022-10-17 11:36:56',NULL,NULL,NULL,NULL,NULL,NULL),(18,'18','AXA SERVICES INDONESIA',3,4,1,'2022-10-17 11:36:56',NULL,NULL,NULL,NULL,NULL,NULL),(19,'19','AXA FINANCIAL INDONESIA',3,4,1,'2022-10-17 11:36:56',NULL,NULL,NULL,NULL,NULL,NULL),(20,'20','AXA General Indonesia (AGI)',3,4,1,'2022-10-17 11:36:56',NULL,NULL,NULL,NULL,NULL,NULL),(21,'21','AIA INDIVIDU',3,4,1,'2022-10-17 11:36:56',NULL,NULL,NULL,NULL,NULL,NULL),(22,'22','PT. ASSISTAMA INDONESIA (221 Assist)',3,4,1,'2022-10-17 11:36:56',NULL,NULL,NULL,NULL,NULL,NULL),(23,'23','PT AMANTAKA',3,4,1,'2022-10-17 11:36:56',NULL,NULL,NULL,NULL,NULL,NULL),(24,'24','PT. ASURANSI ASTRA BUANA ',3,4,1,'2022-10-17 11:36:56',NULL,NULL,NULL,NULL,NULL,NULL),(25,'25','ASKRIDA',3,4,1,'2022-10-17 11:36:56',NULL,NULL,NULL,NULL,NULL,NULL),(26,'26','PT ASURANSI ALLIANZ LIFE INDONESIA',3,4,1,'2022-10-17 11:36:56',NULL,NULL,NULL,NULL,NULL,NULL),(27,'27','PT ASURANSI BINA DANA ARTA.Tbk (ABDA)',3,4,1,'2022-10-17 11:36:56',NULL,NULL,NULL,NULL,NULL,NULL),(28,'28','PT.AJS AMANH GIRI ARTHA               (AMANAH GITHA)',3,4,1,'2022-10-17 11:36:56',NULL,NULL,NULL,NULL,NULL,NULL),(29,'29','ALO DOKTER',3,4,1,'2022-10-17 11:36:56',NULL,NULL,NULL,NULL,NULL,NULL),(30,'30','AA International (Accros Asia Asst)',3,4,1,'2022-10-17 11:36:56',NULL,NULL,NULL,NULL,NULL,NULL),(31,'31','ARI CANTI HOSPITAL CLUB',3,4,1,'2022-10-17 11:36:56',NULL,NULL,NULL,NULL,NULL,NULL),(32,'32','RUMAH SAKIT UMUM BHAKTI RAHAYU / PT. Bhaksena',3,4,1,'2022-10-17 11:36:56',NULL,NULL,NULL,NULL,NULL,NULL),(33,'33','Bank Indonesia Denpasar (YKKBI)',3,4,1,'2022-10-17 11:36:56',NULL,NULL,NULL,NULL,NULL,NULL),(34,'34','Bali Mitra Medical Center (BMMC)',3,4,1,'2022-10-17 11:36:56',NULL,NULL,NULL,NULL,NULL,NULL),(35,'35','PT. BNI Life Insurance',3,4,1,'2022-10-17 11:36:56',NULL,NULL,NULL,NULL,NULL,NULL),(36,'36','Bank Rakyat Indonesia (BRI) Kanwil Denpasar',3,4,1,'2022-10-17 11:36:56',NULL,NULL,NULL,NULL,NULL,NULL),(37,'37','PT. ASURANSI BOSOWA PERISKOP ',3,4,1,'2022-10-17 11:36:56',NULL,NULL,NULL,NULL,NULL,NULL),(38,'38','ASURANSI BINTANG ',3,4,1,'2022-10-17 11:36:56',NULL,NULL,NULL,NULL,NULL,NULL),(39,'39','BLUE CROSS MEDIKA Health Care / Be Health Medika',3,4,1,'2022-10-17 11:36:56',NULL,NULL,NULL,NULL,NULL,NULL),(40,'40','PT Berlian Jasa Terminal Indonesia (BJTI) ',3,4,1,'2022-10-17 11:36:56',NULL,NULL,NULL,NULL,NULL,NULL),(41,'41','BCA LIFE',3,4,1,'2022-10-17 11:36:56',NULL,NULL,NULL,NULL,NULL,NULL),(42,'42','PT. BHINNEKA LIFE INDONESIA',3,4,1,'2022-10-17 11:36:56',NULL,NULL,NULL,NULL,NULL,NULL),(43,'43','BRI MEDIKA KLINIK',3,4,1,'2022-10-17 11:36:56',NULL,NULL,NULL,NULL,NULL,NULL),(44,'44','BANK TABUNGAN NEGARA',3,4,1,'2022-10-17 11:36:56',NULL,NULL,NULL,NULL,NULL,NULL),(45,'45','BRI LIFE  (DENGAN LOGO ADMEDIKA)',3,4,1,'2022-10-17 11:36:56',NULL,NULL,NULL,NULL,NULL,NULL),(46,'46','BPJS KETENAGAKERJAAN / BPJS TK',3,4,1,'2022-10-17 11:36:56',NULL,NULL,NULL,NULL,NULL,NULL),(47,'47','CIMB Niaga (Bank Niaga)',3,4,1,'2022-10-17 11:36:56',NULL,NULL,NULL,NULL,NULL,NULL),(48,'48','PT. COMMONWEALTH LIFE',3,4,1,'2022-10-17 11:36:56',NULL,NULL,NULL,NULL,NULL,NULL),(49,'49','CON+',3,4,1,'2022-10-17 11:36:56',NULL,NULL,NULL,NULL,NULL,NULL),(50,'50','PT CHUBB GENERAL INSURANCE INDONESIA',3,4,1,'2022-10-17 11:36:56',NULL,NULL,NULL,NULL,NULL,NULL),(51,'51','CHUBB LIFE',3,4,1,'2022-10-17 11:36:56',NULL,NULL,NULL,NULL,NULL,NULL),(52,'52','ASURANSI CIGNA',3,4,1,'2022-10-17 11:36:56',NULL,NULL,NULL,NULL,NULL,NULL),(53,'53','CIGNA SHANGHAI',3,4,1,'2022-10-17 11:36:56',NULL,NULL,NULL,NULL,NULL,NULL),(54,'54','PT CHAMP RESTO INDONESIA ',3,4,1,'2022-10-17 11:36:56',NULL,NULL,NULL,NULL,NULL,NULL),(55,'55',' Djarum (PT. Sumber Cipta Multiniaga)',3,4,1,'2022-10-17 11:36:56',NULL,NULL,NULL,NULL,NULL,NULL),(56,'56','DIREKSI TELKOM',3,4,1,'2022-10-17 11:36:56',NULL,NULL,NULL,NULL,NULL,NULL),(57,'57','PT Equity Life Indonesia',3,4,1,'2022-10-17 11:36:56',NULL,NULL,NULL,NULL,NULL,NULL),(58,'58','FWD',3,4,1,'2022-10-17 11:36:56',NULL,NULL,NULL,NULL,NULL,NULL),(59,'59','FAKULTAS ILMU ADMINISTRASI UI',3,4,1,'2022-10-17 11:36:56',NULL,NULL,NULL,NULL,NULL,NULL),(60,'60','PT.FERRO DINAMIKA MAS',3,4,1,'2022-10-17 11:36:56',NULL,NULL,NULL,NULL,NULL,NULL),(61,'61','PT. GLOBAL ASSISTANCE & HEALTHCARE',3,4,1,'2022-10-17 11:36:56',NULL,NULL,NULL,NULL,NULL,NULL),(62,'62','PT. Asuransi Jiwa Generali Indonesia',3,4,1,'2022-10-17 11:36:56',NULL,NULL,NULL,NULL,NULL,NULL),(63,'63','PT Great Eastern Life Indonesia',3,4,1,'2022-10-17 11:36:56',NULL,NULL,NULL,NULL,NULL,NULL),(64,'64','PT Great Eastern INDIVIDU',3,4,1,'2022-10-17 11:36:56',NULL,NULL,NULL,NULL,NULL,NULL),(65,'65','PT. GEOFORCE INDONESIA',3,4,1,'2022-10-17 11:36:56',NULL,NULL,NULL,NULL,NULL,NULL),(66,'66','Hanhwa Life',3,4,1,'2022-10-17 11:36:56',NULL,NULL,NULL,NULL,NULL,NULL),(67,'67','HDI FAMILY COMPANIES INDONESIA (HDI)',3,4,1,'2022-10-17 11:36:56',NULL,NULL,NULL,NULL,NULL,NULL),(68,'68','SEKOLAH HIGHSCOPE INDONESIA BALI',3,4,1,'2022-10-17 11:36:56',NULL,NULL,NULL,NULL,NULL,NULL),(69,'69','HALO DOC',3,4,1,'2022-10-17 11:36:56',NULL,NULL,NULL,NULL,NULL,NULL),(70,'70','PT. INDONESIA POWER',3,4,1,'2022-10-17 11:36:56',NULL,NULL,NULL,NULL,NULL,NULL),(71,'71','Indonesia Australia Language Foundation (IALF)',3,4,1,'2022-10-17 11:36:56',NULL,NULL,NULL,NULL,NULL,NULL),(72,'72','IKATAN KELUARGA PESISIR SELATAN (IKPS)',3,4,1,'2022-10-17 11:36:56',NULL,NULL,NULL,NULL,NULL,NULL),(73,'73','INDOSURYA LIFE',3,4,1,'2022-10-17 11:36:56',NULL,NULL,NULL,NULL,NULL,NULL),(74,'74','INFOMEDIA SOLUSI HUMANIKA',3,4,1,'2022-10-17 11:36:56',NULL,NULL,NULL,NULL,NULL,NULL),(75,'75','PT. ASURANSI INTRA ASIA',3,4,1,'2022-10-17 11:36:56',NULL,NULL,NULL,NULL,NULL,NULL),(76,'76','INDOPELITA AIRCRAFT SERVICE',3,4,1,'2022-10-17 11:36:56',NULL,NULL,NULL,NULL,NULL,NULL),(77,'77','INTERCONTINENTAL BALI RESORT',3,4,1,'2022-10-17 11:36:56',NULL,NULL,NULL,NULL,NULL,NULL),(78,'78','JASINDO HEALTH CARE',3,4,1,'2022-10-17 11:36:56',NULL,NULL,NULL,NULL,NULL,NULL),(79,'79','PT ASURANSI JIWASRAYA (PERSERO)',3,4,1,'2022-10-17 11:36:56',NULL,NULL,NULL,NULL,NULL,NULL),(80,'80','PT. JOB PERTAMINA TALISMAN JAMBI MERANG (JOB PTJM)',3,4,1,'2022-10-17 11:36:56',NULL,NULL,NULL,NULL,NULL,NULL),(81,'81','PT. JASA RAHARJA (PERSERO) ',3,4,1,'2022-10-17 11:36:56',NULL,NULL,NULL,NULL,NULL,NULL),(82,'82','PT ASURANSI JMA SYARIAH',3,4,1,'2022-10-17 11:36:56',NULL,NULL,NULL,NULL,NULL,NULL),(83,'83','PT KALTIM MEDIKA UTAMA',3,4,1,'2022-10-17 11:36:56',NULL,NULL,NULL,NULL,NULL,NULL),(84,'84','Kimia Farma Health Care',3,4,1,'2022-10-17 11:36:56',NULL,NULL,NULL,NULL,NULL,NULL),(85,'85','KLINIK UTAMA DHARMA SIDHI (Dharma Sidhi Priority)',3,4,1,'2022-10-17 11:36:56',NULL,NULL,NULL,NULL,NULL,NULL),(86,'86','KLINIK RAHAYU',3,4,1,'2022-10-17 11:36:56',NULL,NULL,NULL,NULL,NULL,NULL),(87,'87','PT Kopelindo Yabistra',3,4,1,'2022-10-17 11:36:56',NULL,NULL,NULL,NULL,NULL,NULL),(88,'88','PT. KERRY INGREDIENTS INDONESIA',3,4,1,'2022-10-17 11:36:56',NULL,NULL,NULL,NULL,NULL,NULL),(89,'89','LIPPO GENERAL INSURANCE',3,4,1,'2022-10-17 11:36:56',NULL,NULL,NULL,NULL,NULL,NULL),(90,'90','DESA ADAT LEGIAN / LPD LEGIAN',3,4,1,'2022-10-17 11:36:56',NULL,NULL,NULL,NULL,NULL,NULL),(91,'91','LABORATORIUM KLINIK KIMIA FARMA',3,4,1,'2022-10-17 11:36:56',NULL,NULL,NULL,NULL,NULL,NULL),(92,'92','LEMBAGA PENJAMIN SIMPANAN',3,4,1,'2022-10-17 11:36:56',NULL,NULL,NULL,NULL,NULL,NULL),(93,'93','Manulife Financial',3,4,1,'2022-10-17 11:36:56',NULL,NULL,NULL,NULL,NULL,NULL),(94,'94','Make Health Connect (PT.MHCI)',3,4,1,'2022-10-17 11:36:56',NULL,NULL,NULL,NULL,NULL,NULL),(95,'95','PT. Merck Tbk',3,4,1,'2022-10-17 11:36:56',NULL,NULL,NULL,NULL,NULL,NULL),(96,'96','Mandiri Health Care (MHC) ',3,4,1,'2022-10-17 11:36:56',NULL,NULL,NULL,NULL,NULL,NULL),(97,'97','MNC LIFE ASSURANCE',3,4,1,'2022-10-17 11:36:56',NULL,NULL,NULL,NULL,NULL,NULL),(98,'98','KRESNA INSURANCE',3,4,1,'2022-10-17 11:36:56',NULL,NULL,NULL,NULL,NULL,NULL),(99,'99','PT.  ASURANSI UMUM MEGA ',3,4,1,'2022-10-17 11:36:56',NULL,NULL,NULL,NULL,NULL,NULL),(100,'100','PT.  ASURANSI UMUM MEGA (Manage Care)',3,4,1,'2022-10-17 11:36:56',NULL,NULL,NULL,NULL,NULL,NULL),(101,'101','PT. Asuransi Multi Artha Guna (Asuransi MAG) ',3,4,1,'2022-10-17 11:36:56',NULL,NULL,NULL,NULL,NULL,NULL),(102,'102','MEGA Health',3,4,1,'2022-10-17 11:36:56',NULL,NULL,NULL,NULL,NULL,NULL),(103,'103','MEGALIFE INDIVIDU',3,4,1,'2022-10-17 11:36:56',NULL,NULL,NULL,NULL,NULL,NULL),(104,'104','MEDILUM (Fullerton Health Indonesia)',3,4,1,'2022-10-17 11:36:56',NULL,NULL,NULL,NULL,NULL,NULL),(105,'105','MAG ',3,4,1,'2022-10-17 11:36:56',NULL,NULL,NULL,NULL,NULL,NULL),(106,'106','PT. KARTIKA BINA MEDIKATAMA (Medika Plaza)',3,4,1,'2022-10-17 11:36:56',NULL,NULL,NULL,NULL,NULL,NULL),(107,'107','PT. Nusantara Regas',3,4,1,'2022-10-17 11:36:56',NULL,NULL,NULL,NULL,NULL,NULL),(108,'108','NTT DATA INDONESIA',3,4,1,'2022-10-17 11:36:56',NULL,NULL,NULL,NULL,NULL,NULL),(109,'109','PT. NESTLE INDOFOOD CITRARASA INDONESIA',3,4,1,'2022-10-17 11:36:56',NULL,NULL,NULL,NULL,NULL,NULL),(110,'110','PT NUSANTARA ASSISTAMA PERKASA (MedicAssist)',3,4,1,'2022-10-17 11:36:56',NULL,NULL,NULL,NULL,NULL,NULL),(111,'111','PT NAYAKA ERA HUSADHA',3,4,1,'2022-10-17 11:36:56',NULL,NULL,NULL,NULL,NULL,NULL),(112,'112','OWLEXA HEALTH CARE  (PT APLIKANUSA LINTAS ARTA)',3,4,1,'2022-10-17 11:36:56',NULL,NULL,NULL,NULL,NULL,NULL),(113,'113','OTORITAS JASA KEUANGAN (OJK)',3,4,1,'2022-10-17 11:36:56',NULL,NULL,NULL,NULL,NULL,NULL),(114,'114','PT. OKADOC TECHNOLOGIES ',3,4,1,'2022-10-17 11:36:56',NULL,NULL,NULL,NULL,NULL,NULL),(115,'115','PT. PAN PACIFIC INSURANCE',3,4,1,'2022-10-17 11:36:56',NULL,NULL,NULL,NULL,NULL,NULL),(116,'116','Penta Medica ',3,4,1,'2022-10-17 11:36:56',NULL,NULL,NULL,NULL,NULL,NULL),(117,'117','ALL PT. PLN Persero ',3,4,1,'2022-10-17 11:36:56',NULL,NULL,NULL,NULL,NULL,NULL),(118,'118','Prestige international INC',3,4,1,'2022-10-17 11:36:56',NULL,NULL,NULL,NULL,NULL,NULL),(119,'119','PELITA AIR SERVICE',3,4,1,'2022-10-17 11:36:56',NULL,NULL,NULL,NULL,NULL,NULL),(120,'120','PT PELINDO HUSADA CITRA (PHC HEALTH CARE)',3,4,1,'2022-10-17 11:36:56',NULL,NULL,NULL,NULL,NULL,NULL),(121,'121','RS PRIMA MEDIKA  (PT SURYA PRIMA CIPTA)',3,4,1,'2022-10-17 11:36:56',NULL,NULL,NULL,NULL,NULL,NULL),(122,'122','PT. PATRA SK ',3,4,1,'2022-10-17 11:36:56',NULL,NULL,NULL,NULL,NULL,NULL),(123,'123','PERTAMINA HULU ENERGI (PHE)',3,4,1,'2022-10-17 11:36:56',NULL,NULL,NULL,NULL,NULL,NULL),(124,'124','PERTAMINA GEOTHERMAL ENERGY (PGE)',3,4,1,'2022-10-17 11:36:56',NULL,NULL,NULL,NULL,NULL,NULL),(125,'125','PETROGAS (BASIN) LIMITED',3,4,1,'2022-10-17 11:36:56',NULL,NULL,NULL,NULL,NULL,NULL),(126,'126','PT PELINDO MARINE SERVICE (PMS)',3,4,1,'2022-10-17 11:36:56',NULL,NULL,NULL,NULL,NULL,NULL),(127,'127','PRUDENTIAL LIFE ASSURANCE',3,4,1,'2022-10-17 11:36:56',NULL,NULL,NULL,NULL,NULL,NULL),(128,'128','PT. PERMATA KARYA JASA ',3,4,1,'2022-10-17 11:36:56',NULL,NULL,NULL,NULL,NULL,NULL),(129,'129','PETRO CHINA',3,4,1,'2022-10-17 11:36:56',NULL,NULL,NULL,NULL,NULL,NULL),(130,'130','PHENOM MANAGEMENT GROUP ',3,4,1,'2022-10-17 11:36:56',NULL,NULL,NULL,NULL,NULL,NULL),(131,'131','PADMA BAHTERA MEDICAL CLINIC',3,4,1,'2022-10-17 11:36:56',NULL,NULL,NULL,NULL,NULL,NULL),(132,'132','PT. ASURANSI RELIANCE INDONESIA',3,4,1,'2022-10-17 11:36:56',NULL,NULL,NULL,NULL,NULL,NULL),(133,'133','Rumah Sakit Ibu dan Anak Puri Bunda',3,4,1,'2022-10-17 11:36:56',NULL,NULL,NULL,NULL,NULL,NULL),(134,'134','RS Bali Royal',3,4,1,'2022-10-17 11:36:56',NULL,NULL,NULL,NULL,NULL,NULL),(135,'135','RS Bali Jimbaran',3,4,1,'2022-10-17 11:36:56',NULL,NULL,NULL,NULL,NULL,NULL),(136,'136','RS MANUABA',3,4,1,'2022-10-17 11:36:56',NULL,NULL,NULL,NULL,NULL,NULL),(137,'137','RS ISLAM BANYUWANGI',3,4,1,'2022-10-17 11:36:56',NULL,NULL,NULL,NULL,NULL,NULL),(138,'138','PERTAMINA INTERNASIONAL EP',3,4,1,'2022-10-17 11:36:56',NULL,NULL,NULL,NULL,NULL,NULL),(139,'139','PT. ASURANSI SOMPO JALAN NIPPONKOA INDONESIA',3,4,1,'2022-10-17 11:36:56',NULL,NULL,NULL,NULL,NULL,NULL),(140,'140','PT. ASURANSI RAMAYANA Tbk',3,4,1,'2022-10-17 11:36:56',NULL,NULL,NULL,NULL,NULL,NULL),(141,'141','dr. ROMY ASSOCIATES / OMSA MEDIK',3,4,1,'2022-10-17 11:36:56',NULL,NULL,NULL,NULL,NULL,NULL),(142,'142','PT. ASURANSI RAMA SATRIA WIBAWA',3,4,1,'2022-10-17 11:36:56',NULL,NULL,NULL,NULL,NULL,NULL),(143,'143',' Sidhi Usadha Clinic (April 2015)                 ',3,4,1,'2022-10-17 11:36:56',NULL,NULL,NULL,NULL,NULL,NULL),(144,'144','PT SURYA HUSADHA (RS SURYA HUSADHA)',3,4,1,'2022-10-17 11:36:56',NULL,NULL,NULL,NULL,NULL,NULL),(145,'145','PT. Hanjaya Mandala Sampoerna Tbk',3,4,1,'2022-10-17 11:36:56',NULL,NULL,NULL,NULL,NULL,NULL),(146,'146','PT PACIFIC CROSS (PT INTERNATIONAL SERVICE PACIFIC CROSS)',3,4,1,'2022-10-17 11:36:56',NULL,NULL,NULL,NULL,NULL,NULL),(147,'147','SUN LIFE FINANCIAL INDONESIA',3,4,1,'2022-10-17 11:36:56',NULL,NULL,NULL,NULL,NULL,NULL),(148,'148','PT. SYNTECH MITRA INTEGRASI',3,4,1,'2022-10-17 11:36:56',NULL,NULL,NULL,NULL,NULL,NULL),(149,'149','PT. ASURANSI JIWA SEQUIS LIFE',3,4,1,'2022-10-17 11:36:56',NULL,NULL,NULL,NULL,NULL,NULL),(150,'150','SEQUIS FINANCIAL (GROUP)',3,4,1,'2022-10-17 11:36:56',NULL,NULL,NULL,NULL,NULL,NULL),(151,'151','Sun Life Financial Indonesia',3,4,1,'2022-10-17 11:36:56',NULL,NULL,NULL,NULL,NULL,NULL),(152,'152','SILOAM CARE',3,4,1,'2022-10-17 11:36:56',NULL,NULL,NULL,NULL,NULL,NULL),(153,'153','PT. SAMSUNG TUGU',3,4,1,'2022-10-17 11:36:56',NULL,NULL,NULL,NULL,NULL,NULL),(154,'154','PT SARANA SOLUSI AMANAH (SSA)',3,4,1,'2022-10-17 11:36:56',NULL,NULL,NULL,NULL,NULL,NULL),(155,'155','PT SUPRACO INDONESIA',3,4,1,'2022-10-17 11:36:56',NULL,NULL,NULL,NULL,NULL,NULL),(156,'156','PT.SUZUKI FINANCE INDONESIA',3,4,1,'2022-10-17 11:36:56',NULL,NULL,NULL,NULL,NULL,NULL),(157,'157','TMS ( Tritunggal Mandiri Solusindo)',3,4,1,'2022-10-17 11:36:56',NULL,NULL,NULL,NULL,NULL,NULL),(158,'158','TPA ASO Tirta',3,4,1,'2022-10-17 11:36:56',NULL,NULL,NULL,NULL,NULL,NULL),(159,'159','PT. TASPEN',3,4,1,'2022-10-17 11:36:56',NULL,NULL,NULL,NULL,NULL,NULL),(160,'160','Tokio Marine Life Insurance',3,4,1,'2022-10-17 11:36:56',NULL,NULL,NULL,NULL,NULL,NULL),(161,'161','PT Tugu Pratama Indonesia',3,4,1,'2022-10-17 11:36:56',NULL,NULL,NULL,NULL,NULL,NULL),(162,'162','PT TUGU KRESNA PRATAMA',3,4,1,'2022-10-17 11:36:56',NULL,NULL,NULL,NULL,NULL,NULL),(163,'163','PT. TOTAL BANGUN PERSADA,Tbk.',3,4,1,'2022-10-17 11:36:56',NULL,NULL,NULL,NULL,NULL,NULL),(164,'164','TOKOPEDIA',3,4,1,'2022-10-17 11:36:56',NULL,NULL,NULL,NULL,NULL,NULL),(165,'165','ASURANSI TUGU MANDIRI',3,4,1,'2022-10-17 11:36:56',NULL,NULL,NULL,NULL,NULL,NULL),(166,'166','Villa Des InDes',3,4,1,'2022-10-17 11:36:56',NULL,NULL,NULL,NULL,NULL,NULL),(167,'167','Villa East Indies ',3,4,1,'2022-10-17 11:36:56',NULL,NULL,NULL,NULL,NULL,NULL),(168,'168',' Wanaartha, Asuransi Jiwa Adisarana PT',3,4,1,'2022-10-17 11:36:56',NULL,NULL,NULL,NULL,NULL,NULL),(169,'169','VALE OIL & GAS',3,4,1,'2022-10-17 11:36:56',NULL,NULL,NULL,NULL,NULL,NULL),(170,'170','Yayasan Kesehatan Bank Mandiri (Yakes Mandiri)',3,4,1,'2022-10-17 11:36:56',NULL,NULL,NULL,NULL,NULL,NULL),(171,'171','YAKES PERTAMINA',3,4,1,'2022-10-17 11:36:56',NULL,NULL,NULL,NULL,NULL,NULL),(172,'172','YAKES TELKOM',3,4,1,'2022-10-17 11:36:56',NULL,'2022-12-18 11:25:38',NULL,NULL,'2022-12-18','2022-12-19'),(176,'121aa','pln nbali',1,2,NULL,'2022-12-18 03:04:49',NULL,'2022-12-21 10:00:53',NULL,NULL,'2022-12-18','2022-12-19'),(177,'aaaaa','PLN BALI 2',1,2,NULL,'2022-12-18 03:16:05',NULL,'2022-12-18 03:26:10',NULL,NULL,'2022-12-18','2022-12-20'),(180,'5','Kadek hahai',1,1,NULL,'2022-12-21 09:41:03',NULL,'2022-12-21 09:41:03',NULL,NULL,'2022-12-22','2022-12-20'),(181,'dsf','afsa',1,1,NULL,'2022-12-21 09:43:48',NULL,'2022-12-21 09:43:48',NULL,NULL,'2022-12-15','4331-02-26'),(182,'aaaaaa','kdsck',1,1,NULL,'2022-12-21 09:50:24',NULL,'2022-12-21 09:50:24',NULL,NULL,'2022-12-28','2022-12-28'),(183,'1','kadek',1,1,NULL,'2022-12-21 10:14:51',NULL,'2022-12-21 10:14:51',NULL,NULL,'2022-12-20','2022-12-27'),(184,'11aa','kadek',1,1,NULL,'2022-12-21 10:43:21',NULL,'2022-12-21 10:43:21',NULL,NULL,'2022-12-21','2022-12-22'),(185,'aaaaaa','Kadek hahai',1,1,NULL,'2022-12-21 10:44:52',NULL,'2022-12-21 10:44:52',NULL,NULL,'2022-12-30','2022-12-23'),(186,'12ab','PLN',1,1,NULL,'2022-12-25 01:03:56',NULL,'2022-12-25 01:03:56',NULL,NULL,'2022-12-28','2023-01-03'),(187,'11ab','telkom',1,1,NULL,'2022-12-28 11:38:57',NULL,'2022-12-28 11:38:57',NULL,NULL,'2022-12-28','2022-12-28'),(188,'1qw','pln',1,1,NULL,'2022-12-29 11:11:00',NULL,'2022-12-29 11:11:00',NULL,NULL,'2022-12-29','2022-12-29'),(189,'11abc','PLN 1',1,1,NULL,'2023-01-07 00:53:19',NULL,'2023-01-07 00:53:19',NULL,NULL,'2023-01-07','2023-01-08');

/*Table structure for table `m_iks_gkomponen` */

DROP TABLE IF EXISTS `m_iks_gkomponen`;

CREATE TABLE `m_iks_gkomponen` (
  `id` int(10) unsigned NOT NULL AUTO_INCREMENT,
  `group` varchar(255) DEFAULT NULL,
  `created_at` timestamp NULL DEFAULT NULL,
  `updated_at` timestamp NULL DEFAULT NULL,
  PRIMARY KEY (`id`)
) ENGINE=InnoDB AUTO_INCREMENT=10 DEFAULT CHARSET=utf8mb4;

/*Data for the table `m_iks_gkomponen` */

insert  into `m_iks_gkomponen`(`id`,`group`,`created_at`,`updated_at`) values (1,'Dokter','2022-12-14 09:31:34','2022-12-14 10:20:22'),(4,'Obat','2022-12-15 03:43:10','2022-12-15 03:43:10');

/*Table structure for table `m_iks_gkomponen_detail` */

DROP TABLE IF EXISTS `m_iks_gkomponen_detail`;

CREATE TABLE `m_iks_gkomponen_detail` (
  `id` int(10) unsigned NOT NULL AUTO_INCREMENT,
  `gkomponen_id` int(10) unsigned DEFAULT NULL,
  `gkomponen_detail` varchar(255) DEFAULT NULL,
  `created_at` timestamp NULL DEFAULT NULL,
  `updated_at` timestamp NULL DEFAULT NULL,
  PRIMARY KEY (`id`),
  KEY `gkomponen_id` (`gkomponen_id`),
  CONSTRAINT `m_iks_gkomponen_detail_ibfk_1` FOREIGN KEY (`gkomponen_id`) REFERENCES `m_iks_gkomponen` (`id`) ON DELETE CASCADE
) ENGINE=InnoDB AUTO_INCREMENT=48 DEFAULT CHARSET=utf8mb4;

/*Data for the table `m_iks_gkomponen_detail` */

insert  into `m_iks_gkomponen_detail`(`id`,`gkomponen_id`,`gkomponen_detail`,`created_at`,`updated_at`) values (30,1,'Sadhu','2023-01-17 08:40:00','2023-01-17 08:40:00'),(36,4,'Imboost','2023-01-17 10:53:04','2023-01-17 10:53:04'),(37,4,'Paracetamol','2023-01-17 10:53:15','2023-01-17 10:53:15'),(42,4,'Panadol','2023-01-18 14:27:43','2023-01-18 14:27:43'),(43,1,'dr.K.G.Mulyadi Ridia , Sp.OT(K)','2023-01-18 14:53:09','2023-01-18 14:53:09'),(44,1,'dr.Dewa Putu Wisnu Wardana, SpBS','2023-01-19 08:17:25','2023-01-19 08:17:25'),(45,4,'Promag','2023-01-19 08:26:01','2023-01-19 08:26:01'),(46,1,'dr. AA Gde Ngurah Asmarajaya, SpB, SpBP','2023-01-21 04:28:43','2023-01-21 04:28:43'),(47,1,'dr.K.G.Mulyadi Ridia , Sp.OT(K)','2023-01-21 04:29:21','2023-01-21 04:29:21');

/*Table structure for table `m_iks_tipe` */

DROP TABLE IF EXISTS `m_iks_tipe`;

CREATE TABLE `m_iks_tipe` (
  `id` int(10) unsigned NOT NULL AUTO_INCREMENT,
  `kode` varchar(10) COLLATE utf8mb4_unicode_ci DEFAULT NULL,
  `nama` varchar(60) COLLATE utf8mb4_unicode_ci DEFAULT NULL,
  `status_aktif` tinyint(4) DEFAULT NULL,
  `created_at` timestamp NOT NULL DEFAULT current_timestamp(),
  `created_by` int(11) DEFAULT NULL,
  `updated_at` timestamp NULL DEFAULT NULL,
  `updated_by` int(11) DEFAULT NULL,
  `deleted_at` timestamp NULL DEFAULT NULL,
  PRIMARY KEY (`id`)
) ENGINE=InnoDB AUTO_INCREMENT=181 DEFAULT CHARSET=utf8mb4 COLLATE=utf8mb4_unicode_ci;

/*Data for the table `m_iks_tipe` */

insert  into `m_iks_tipe`(`id`,`kode`,`nama`,`status_aktif`,`created_at`,`created_by`,`updated_at`,`updated_by`,`deleted_at`) values (1,'1','Asuransi',1,'2022-10-17 11:36:56',NULL,NULL,NULL,NULL),(2,'2','Perusahaan',1,'2022-10-17 11:36:56',NULL,NULL,NULL,NULL),(3,'3','Lainnya',1,'2022-10-17 11:36:56',NULL,NULL,NULL,NULL),(4,'4','Tidak Terdefinisi',1,'2022-10-28 02:15:01',NULL,NULL,NULL,NULL),(177,'7','Tanggungan Keluarga',NULL,'2022-12-18 03:48:47',NULL,'2023-01-07 00:57:59',NULL,NULL),(178,'5','Jaminan Keluarga',NULL,'2022-12-21 11:03:01',NULL,'2023-01-18 15:06:45',NULL,NULL),(180,'6','Asuransi 4',NULL,'2023-01-07 00:57:36',NULL,'2023-01-07 00:57:36',NULL,NULL);

/*Table structure for table `m_pegawai` */

DROP TABLE IF EXISTS `m_pegawai`;

CREATE TABLE `m_pegawai` (
  `id` int(10) unsigned NOT NULL AUTO_INCREMENT,
  `kode` varchar(20) COLLATE utf8mb4_unicode_ci NOT NULL COMMENT 'entry',
  `no_induk` char(10) COLLATE utf8mb4_unicode_ci DEFAULT NULL,
  `absen_id` varchar(10) COLLATE utf8mb4_unicode_ci DEFAULT NULL,
  `kode_bpjs` varchar(20) COLLATE utf8mb4_unicode_ci DEFAULT NULL COMMENT 'entry',
  `nama` varchar(70) COLLATE utf8mb4_unicode_ci DEFAULT NULL COMMENT 'entry',
  `nama_tercetak` varchar(100) COLLATE utf8mb4_unicode_ci DEFAULT NULL,
  `gelar_depan` varchar(30) COLLATE utf8mb4_unicode_ci DEFAULT NULL,
  `gelar_belakang` varchar(30) COLLATE utf8mb4_unicode_ci DEFAULT NULL,
  `status_pegawai_id` tinyint(4) DEFAULT NULL COMMENT 'm_statuspegawai',
  `jenis_profesi_id` int(11) DEFAULT NULL COMMENT 'm_jenis_profesi',
  `spesialisasi_id` smallint(6) DEFAULT NULL COMMENT 'm_spesialisasi',
  `sub_spesialisasi_id` int(10) unsigned DEFAULT NULL COMMENT 'm_subspesialisasi',
  `qualifikasi_id` int(10) unsigned DEFAULT NULL COMMENT 'm_kualifikasi',
  `pendidikan_terakhir_id` int(11) DEFAULT NULL COMMENT 'm_riwayat_pendidikan',
  `jabatan_fungsional_terakhir` int(11) DEFAULT NULL COMMENT 'm_riwayat_fungsional',
  `jabatan_struktural_id` int(11) DEFAULT NULL COMMENT 'm_riwayat_struktural',
  `unit_id` int(11) DEFAULT NULL COMMENT '(tidak dipakai (m_subunit_dokter))diambil id unit dari riwayat mutasi',
  `subunit_id` int(11) DEFAULT NULL COMMENT '(tidak dipakai (m_subunit_dokter))diambil id unit dari riwayat mutasi',
  `tempat_lahir` varchar(40) COLLATE utf8mb4_unicode_ci DEFAULT NULL COMMENT 'entry',
  `tanggal_lahir` date DEFAULT NULL COMMENT 'entry',
  `jeniskelamin_id` int(10) unsigned DEFAULT NULL COMMENT 'm_jenis_kelamin',
  `agama_id` int(10) unsigned DEFAULT NULL COMMENT 'm_agama',
  `bahasa_aktif_id` smallint(6) DEFAULT NULL COMMENT 'm_bahasaaktif',
  `alamat` varchar(80) COLLATE utf8mb4_unicode_ci DEFAULT NULL COMMENT 'entry',
  `dusun` varchar(50) COLLATE utf8mb4_unicode_ci DEFAULT NULL COMMENT 'entry',
  `desa_id` int(11) DEFAULT NULL COMMENT 'm_desa',
  `kecamatan_id` char(7) COLLATE utf8mb4_unicode_ci DEFAULT NULL COMMENT 'm_kecamatan',
  `kabupaten_id` int(11) DEFAULT NULL COMMENT 'm_kabupaten',
  `provinsi_id` int(11) DEFAULT NULL COMMENT 'm_provinsi',
  `kodepos` varchar(10) COLLATE utf8mb4_unicode_ci DEFAULT NULL COMMENT 'entry',
  `nik` varchar(20) COLLATE utf8mb4_unicode_ci DEFAULT NULL COMMENT 'entry',
  `npwp` varchar(20) COLLATE utf8mb4_unicode_ci DEFAULT NULL COMMENT 'entry',
  `file_photo` varchar(255) COLLATE utf8mb4_unicode_ci DEFAULT NULL COMMENT 'entry',
  `file_ktp` varchar(255) COLLATE utf8mb4_unicode_ci DEFAULT NULL COMMENT 'entry',
  `file_kk` varchar(255) COLLATE utf8mb4_unicode_ci DEFAULT NULL COMMENT 'entry',
  `file_npwp` varchar(255) COLLATE utf8mb4_unicode_ci DEFAULT NULL COMMENT 'entry',
  `status_nikah_id` tinyint(4) DEFAULT NULL COMMENT 'm_statusnikah',
  `status_daftar_id` tinyint(4) DEFAULT NULL COMMENT '1= Terdaftar di Balimed; 2=Tidak Terdaftar',
  `created_at` timestamp NULL DEFAULT NULL,
  `created_by` int(11) DEFAULT NULL,
  `updated_at` timestamp NULL DEFAULT NULL,
  `updated_by` int(11) DEFAULT NULL,
  `deleted_at` timestamp NULL DEFAULT NULL,
  `sso_user_id` int(10) unsigned DEFAULT NULL COMMENT 'sso',
  `passcode` varchar(255) COLLATE utf8mb4_unicode_ci DEFAULT NULL COMMENT 'm_passcode',
  `valid_until` datetime DEFAULT NULL COMMENT 'masa berlaku passcode',
  PRIMARY KEY (`id`),
  KEY `spesialisasi_id` (`spesialisasi_id`),
  KEY `sub_spesialisasi_id` (`sub_spesialisasi_id`),
  KEY `qualifikasi_id` (`qualifikasi_id`),
  KEY `pendidikan_id` (`pendidikan_terakhir_id`),
  KEY `m_pegawai_ibfk_6` (`jeniskelamin_id`),
  KEY `agama_id` (`agama_id`),
  KEY `bahasa_aktif_id` (`bahasa_aktif_id`),
  KEY `m_pegawai_ibfk_9` (`sso_user_id`),
  CONSTRAINT `m_pegawai_ibfk_9` FOREIGN KEY (`sso_user_id`) REFERENCES `users` (`id`) ON DELETE CASCADE
) ENGINE=InnoDB AUTO_INCREMENT=488 DEFAULT CHARSET=utf8mb4 COLLATE=utf8mb4_unicode_ci;

/*Data for the table `m_pegawai` */

insert  into `m_pegawai`(`id`,`kode`,`no_induk`,`absen_id`,`kode_bpjs`,`nama`,`nama_tercetak`,`gelar_depan`,`gelar_belakang`,`status_pegawai_id`,`jenis_profesi_id`,`spesialisasi_id`,`sub_spesialisasi_id`,`qualifikasi_id`,`pendidikan_terakhir_id`,`jabatan_fungsional_terakhir`,`jabatan_struktural_id`,`unit_id`,`subunit_id`,`tempat_lahir`,`tanggal_lahir`,`jeniskelamin_id`,`agama_id`,`bahasa_aktif_id`,`alamat`,`dusun`,`desa_id`,`kecamatan_id`,`kabupaten_id`,`provinsi_id`,`kodepos`,`nik`,`npwp`,`file_photo`,`file_ktp`,`file_kk`,`file_npwp`,`status_nikah_id`,`status_daftar_id`,`created_at`,`created_by`,`updated_at`,`updated_by`,`deleted_at`,`sso_user_id`,`passcode`,`valid_until`) values (1,'MadeIKS1','12345',NULL,'BPJSMD','Made Antika',NULL,NULL,NULL,NULL,NULL,NULL,NULL,NULL,NULL,NULL,NULL,NULL,NULL,'Badung','2023-01-17',NULL,NULL,NULL,'Kampial','Kampial',NULL,NULL,NULL,NULL,'80361','5105768278678356','51000',NULL,NULL,NULL,NULL,NULL,NULL,NULL,NULL,NULL,NULL,NULL,1,NULL,NULL),(2,'GedeIKS1','10055',NULL,'BPJSGD','Gede Ardika',NULL,NULL,NULL,NULL,NULL,NULL,NULL,NULL,NULL,NULL,NULL,NULL,NULL,'Gianyar','2023-01-16',NULL,NULL,NULL,'Samplangan','Samplangan',NULL,NULL,NULL,NULL,'80617','5105768278671234','52000',NULL,NULL,NULL,NULL,NULL,NULL,NULL,NULL,NULL,NULL,NULL,2,NULL,NULL),(138,'2','1',NULL,NULL,'DR.dr.A.A. Oka,SpU',NULL,NULL,NULL,1,5,NULL,NULL,NULL,NULL,NULL,NULL,NULL,NULL,NULL,NULL,NULL,NULL,1,'Denpasar',NULL,NULL,NULL,NULL,NULL,NULL,NULL,NULL,NULL,NULL,NULL,NULL,NULL,NULL,NULL,NULL,'2023-01-07 07:00:02',NULL,'2023-01-07 07:00:02',NULL,NULL,NULL),(139,'3','1',NULL,NULL,'dr. Ketut Wiargitha, SpB',NULL,NULL,NULL,1,5,NULL,NULL,NULL,NULL,NULL,NULL,NULL,NULL,'Denpasar','2023-01-02',NULL,NULL,1,'Denpasar',NULL,NULL,NULL,NULL,NULL,NULL,NULL,NULL,NULL,NULL,NULL,NULL,NULL,NULL,NULL,NULL,'2023-01-07 07:43:09',NULL,'2023-01-07 07:43:09',3,NULL,NULL),(140,'4','1',NULL,NULL,'dr. Made Yanti Indriyani , Sp.B',NULL,NULL,NULL,1,5,NULL,NULL,NULL,NULL,NULL,NULL,NULL,NULL,NULL,NULL,NULL,NULL,1,NULL,NULL,NULL,NULL,NULL,NULL,NULL,NULL,NULL,NULL,NULL,NULL,NULL,NULL,NULL,NULL,NULL,'2023-01-07 07:49:44',NULL,'2023-01-07 07:49:44',NULL,NULL,NULL),(141,'5','1',NULL,NULL,'dr. Ni Putu Yenny Kendarini, SpB',NULL,NULL,NULL,1,5,NULL,NULL,NULL,NULL,NULL,NULL,NULL,NULL,NULL,NULL,NULL,NULL,1,NULL,NULL,NULL,NULL,NULL,NULL,NULL,NULL,NULL,NULL,NULL,NULL,NULL,NULL,NULL,NULL,NULL,'2023-01-07 09:44:00',NULL,'2023-01-07 09:44:00',NULL,NULL,NULL),(142,'6',NULL,NULL,NULL,'dr. AA Gde Ngurah Asmarajaya, SpB, SpBP',NULL,NULL,NULL,1,5,NULL,NULL,NULL,NULL,NULL,NULL,NULL,NULL,NULL,NULL,NULL,NULL,1,NULL,NULL,NULL,NULL,NULL,NULL,NULL,NULL,NULL,NULL,NULL,NULL,NULL,NULL,NULL,NULL,NULL,'2023-01-09 23:14:33',NULL,'2023-01-09 23:14:33',NULL,NULL,NULL),(143,'7',NULL,NULL,NULL,'dr.K.G.Mulyadi Ridia , Sp.OT(K)',NULL,NULL,NULL,1,5,NULL,NULL,NULL,NULL,NULL,NULL,NULL,NULL,NULL,NULL,NULL,NULL,1,NULL,NULL,NULL,NULL,NULL,NULL,NULL,NULL,NULL,NULL,NULL,NULL,NULL,NULL,NULL,NULL,NULL,'2023-01-09 23:19:15',NULL,'2023-01-09 23:19:15',NULL,NULL,NULL),(144,'8',NULL,NULL,NULL,'dr.D.G.Kurnia Pratama , Sp.OT',NULL,NULL,NULL,1,5,NULL,NULL,NULL,NULL,NULL,NULL,NULL,NULL,NULL,NULL,NULL,NULL,1,NULL,NULL,NULL,NULL,NULL,NULL,NULL,NULL,NULL,NULL,NULL,NULL,NULL,NULL,NULL,NULL,NULL,'2023-01-15 11:19:13',NULL,'2023-01-15 11:19:13',NULL,NULL,NULL),(145,'9',NULL,NULL,NULL,'Prof. Dr dr Putu Astawa, SpBO (K ),M.Kes, FICS',NULL,NULL,NULL,1,5,NULL,NULL,NULL,NULL,NULL,NULL,NULL,NULL,NULL,NULL,NULL,NULL,1,NULL,NULL,NULL,NULL,NULL,NULL,NULL,'0',NULL,NULL,NULL,NULL,NULL,NULL,NULL,NULL,NULL,'2022-12-28 04:25:31',NULL,NULL,NULL,NULL,NULL),(146,'10',NULL,NULL,NULL,'dr. I Gusti Lanang NA Arta Wiguna, SpOT',NULL,NULL,NULL,1,5,NULL,NULL,NULL,NULL,NULL,NULL,NULL,NULL,NULL,NULL,NULL,NULL,1,NULL,NULL,NULL,NULL,NULL,NULL,NULL,NULL,NULL,NULL,NULL,NULL,NULL,NULL,NULL,NULL,NULL,NULL,NULL,NULL,NULL,NULL,NULL),(147,'11',NULL,NULL,NULL,'dr. AA Gde Yuda Asmara,SpOT',NULL,NULL,NULL,1,5,NULL,NULL,NULL,NULL,NULL,NULL,NULL,NULL,NULL,NULL,NULL,NULL,1,NULL,NULL,NULL,NULL,NULL,NULL,NULL,NULL,NULL,NULL,NULL,NULL,NULL,NULL,NULL,NULL,NULL,NULL,NULL,NULL,NULL,NULL,NULL),(148,'12',NULL,NULL,NULL,'dr. Subagia, SpB',NULL,NULL,NULL,1,5,NULL,NULL,NULL,NULL,NULL,NULL,NULL,NULL,NULL,NULL,NULL,NULL,1,NULL,NULL,NULL,NULL,NULL,NULL,NULL,NULL,NULL,NULL,NULL,NULL,NULL,NULL,NULL,NULL,NULL,NULL,NULL,NULL,NULL,NULL,NULL),(149,'13',NULL,NULL,NULL,'dr. Made Yanti Indriyani , Sp.B',NULL,NULL,NULL,1,5,NULL,NULL,NULL,NULL,NULL,NULL,NULL,NULL,NULL,NULL,NULL,NULL,1,NULL,NULL,NULL,NULL,NULL,NULL,NULL,NULL,NULL,NULL,NULL,NULL,NULL,NULL,NULL,NULL,NULL,NULL,NULL,NULL,NULL,NULL,NULL),(150,'14',NULL,NULL,NULL,'DR.dr. KP Yasa, SpB, SpBTKV',NULL,NULL,NULL,1,5,NULL,NULL,NULL,NULL,NULL,NULL,NULL,NULL,NULL,NULL,NULL,NULL,1,NULL,NULL,NULL,NULL,NULL,NULL,NULL,NULL,NULL,NULL,NULL,NULL,NULL,NULL,NULL,NULL,NULL,NULL,NULL,NULL,NULL,NULL,NULL),(151,'15',NULL,NULL,NULL,'dr. Ketut Sudhartana, SpB - KBD',NULL,NULL,NULL,1,5,NULL,NULL,NULL,NULL,NULL,NULL,NULL,NULL,NULL,NULL,NULL,NULL,1,NULL,NULL,NULL,NULL,NULL,NULL,NULL,NULL,NULL,NULL,NULL,NULL,NULL,NULL,NULL,NULL,NULL,NULL,NULL,NULL,NULL,NULL,NULL),(152,'16',NULL,NULL,NULL,'Nena Mawarsari, Psikologi Klinik',NULL,NULL,NULL,1,5,NULL,NULL,NULL,NULL,NULL,NULL,NULL,NULL,NULL,NULL,NULL,NULL,1,NULL,NULL,NULL,NULL,NULL,NULL,NULL,NULL,NULL,NULL,NULL,NULL,NULL,NULL,NULL,NULL,NULL,NULL,NULL,NULL,NULL,NULL,NULL),(153,'17',NULL,NULL,NULL,'dr. Wayan Sudhana, SpPD, KGH',NULL,NULL,NULL,1,5,NULL,NULL,NULL,NULL,NULL,NULL,NULL,NULL,NULL,NULL,NULL,NULL,1,NULL,NULL,NULL,NULL,NULL,NULL,NULL,NULL,NULL,NULL,NULL,NULL,NULL,NULL,NULL,NULL,NULL,NULL,NULL,NULL,NULL,NULL,NULL),(154,'18',NULL,NULL,NULL,'dr. Putu Lia Paramita, SpB',NULL,NULL,NULL,1,5,NULL,NULL,NULL,NULL,NULL,NULL,NULL,NULL,NULL,NULL,NULL,NULL,1,NULL,NULL,NULL,NULL,NULL,NULL,NULL,NULL,NULL,NULL,NULL,NULL,NULL,NULL,NULL,NULL,NULL,NULL,NULL,NULL,NULL,NULL,NULL),(155,'19',NULL,NULL,NULL,'Prof.DR.dr Made Sri Maliawan, SpBS (K)',NULL,NULL,NULL,1,5,NULL,NULL,NULL,NULL,NULL,NULL,NULL,NULL,NULL,NULL,NULL,NULL,1,NULL,NULL,NULL,NULL,NULL,NULL,NULL,NULL,NULL,NULL,NULL,NULL,NULL,NULL,NULL,NULL,NULL,NULL,NULL,NULL,NULL,NULL,NULL),(156,'20',NULL,NULL,NULL,'dr. A.A.Gde Agung Anom Ari Wiradana, SpB',NULL,NULL,NULL,1,5,NULL,NULL,NULL,NULL,NULL,NULL,NULL,NULL,NULL,NULL,NULL,NULL,1,NULL,NULL,NULL,NULL,NULL,NULL,NULL,NULL,NULL,NULL,NULL,NULL,NULL,NULL,NULL,NULL,NULL,NULL,NULL,NULL,NULL,NULL,NULL),(157,'21',NULL,NULL,NULL,'dr. Purna Putra, SpS',NULL,NULL,NULL,1,5,NULL,NULL,NULL,NULL,NULL,NULL,NULL,NULL,NULL,NULL,NULL,NULL,1,NULL,NULL,NULL,NULL,NULL,NULL,NULL,NULL,NULL,NULL,NULL,NULL,NULL,NULL,NULL,NULL,NULL,NULL,NULL,NULL,NULL,NULL,NULL),(158,'22',NULL,NULL,NULL,'dr. Maryadi,SpPD-KGEH',NULL,NULL,NULL,1,5,NULL,NULL,NULL,NULL,NULL,NULL,NULL,NULL,NULL,NULL,NULL,NULL,1,NULL,NULL,NULL,NULL,NULL,NULL,NULL,NULL,NULL,NULL,NULL,NULL,NULL,NULL,NULL,NULL,NULL,NULL,NULL,NULL,NULL,NULL,NULL),(159,'23',NULL,NULL,NULL,'dr. Ida Bagus Mahendra, SpPD, KGH',NULL,NULL,NULL,1,5,NULL,NULL,NULL,NULL,NULL,NULL,NULL,NULL,NULL,NULL,NULL,NULL,1,NULL,NULL,NULL,NULL,NULL,NULL,NULL,NULL,NULL,NULL,NULL,NULL,NULL,NULL,NULL,NULL,NULL,NULL,NULL,NULL,NULL,NULL,NULL),(160,'24',NULL,NULL,NULL,'dr. I Made Duwi Sumohadi, SpPD, KHOM,FINASIM',NULL,NULL,NULL,1,5,NULL,NULL,NULL,NULL,NULL,NULL,NULL,NULL,NULL,NULL,NULL,NULL,1,NULL,NULL,NULL,NULL,NULL,NULL,NULL,NULL,NULL,NULL,NULL,NULL,NULL,NULL,NULL,NULL,NULL,NULL,NULL,NULL,NULL,NULL,NULL),(161,'25',NULL,NULL,NULL,'dr.Putri Eka Pradnyaning,Sp.N',NULL,NULL,NULL,1,5,NULL,NULL,NULL,NULL,NULL,NULL,NULL,NULL,NULL,NULL,NULL,NULL,1,NULL,NULL,NULL,NULL,NULL,NULL,NULL,NULL,NULL,NULL,NULL,NULL,NULL,NULL,NULL,NULL,NULL,NULL,NULL,NULL,NULL,NULL,NULL),(162,'26',NULL,NULL,NULL,'dr.Prayuda, SpPD',NULL,NULL,NULL,1,5,NULL,NULL,NULL,NULL,NULL,NULL,NULL,NULL,NULL,NULL,NULL,NULL,1,NULL,NULL,NULL,NULL,NULL,NULL,NULL,NULL,NULL,NULL,NULL,NULL,NULL,NULL,NULL,NULL,NULL,NULL,NULL,NULL,NULL,NULL,NULL),(163,'27',NULL,NULL,NULL,'Nena Mawarsari, Psikologi Klinik',NULL,NULL,NULL,1,5,NULL,NULL,NULL,NULL,NULL,NULL,NULL,NULL,NULL,NULL,NULL,NULL,1,NULL,NULL,NULL,NULL,NULL,NULL,NULL,NULL,NULL,NULL,NULL,NULL,NULL,NULL,NULL,NULL,NULL,NULL,NULL,NULL,NULL,NULL,NULL),(164,'28',NULL,NULL,NULL,'dr. Made Gandhi Mahardika , M.Biomed , Sp.OG',NULL,NULL,NULL,1,5,NULL,NULL,NULL,NULL,NULL,NULL,NULL,NULL,NULL,NULL,NULL,NULL,1,NULL,NULL,NULL,NULL,NULL,NULL,NULL,NULL,NULL,NULL,NULL,NULL,NULL,NULL,NULL,NULL,NULL,NULL,NULL,NULL,NULL,NULL,NULL),(165,'29',NULL,NULL,NULL,'dr. I Kadek Sukamertha , Sp.OG',NULL,NULL,NULL,1,5,NULL,NULL,NULL,NULL,NULL,NULL,NULL,NULL,NULL,NULL,NULL,NULL,1,NULL,NULL,NULL,NULL,NULL,NULL,NULL,NULL,NULL,NULL,NULL,NULL,NULL,NULL,NULL,NULL,NULL,NULL,NULL,NULL,NULL,NULL,NULL),(166,'30',NULL,NULL,NULL,'dr. Ni G.A.A.S.M. Puspawaty Wetan , Sp.OG (K)',NULL,NULL,NULL,1,5,NULL,NULL,NULL,NULL,NULL,NULL,NULL,NULL,NULL,NULL,NULL,NULL,1,NULL,NULL,NULL,NULL,NULL,NULL,NULL,NULL,NULL,NULL,NULL,NULL,NULL,NULL,NULL,NULL,NULL,NULL,NULL,NULL,NULL,NULL,NULL),(167,'31',NULL,NULL,NULL,'dr. Gede Wirakusuma , M.Biomed , Sp.OG',NULL,NULL,NULL,1,5,NULL,NULL,NULL,NULL,NULL,NULL,NULL,NULL,NULL,NULL,NULL,NULL,1,NULL,NULL,NULL,NULL,NULL,NULL,NULL,NULL,NULL,NULL,NULL,NULL,NULL,NULL,NULL,NULL,NULL,NULL,NULL,NULL,NULL,NULL,NULL),(168,'32',NULL,NULL,NULL,'dr. Bagus Ngurah Brahmantara, M.Biomed , Sp.OG',NULL,NULL,NULL,1,5,NULL,NULL,NULL,NULL,NULL,NULL,NULL,NULL,NULL,NULL,NULL,NULL,1,NULL,NULL,NULL,NULL,NULL,NULL,NULL,NULL,NULL,NULL,NULL,NULL,NULL,NULL,NULL,NULL,NULL,NULL,NULL,NULL,NULL,NULL,NULL),(169,'33',NULL,NULL,NULL,'dr. A.A.Ayu Konsita Wardani , Sp.OG',NULL,NULL,NULL,1,5,NULL,NULL,NULL,NULL,NULL,NULL,NULL,NULL,NULL,NULL,NULL,NULL,1,NULL,NULL,NULL,NULL,NULL,NULL,NULL,NULL,NULL,NULL,NULL,NULL,NULL,NULL,NULL,NULL,NULL,NULL,NULL,NULL,NULL,NULL,NULL),(170,'34',NULL,NULL,NULL,'dr. A.A.N.M.Agung Putra Wirawan , Sp.OG ',NULL,NULL,NULL,1,5,NULL,NULL,NULL,NULL,NULL,NULL,NULL,NULL,NULL,NULL,NULL,NULL,1,NULL,NULL,NULL,NULL,NULL,NULL,NULL,NULL,NULL,NULL,NULL,NULL,NULL,NULL,NULL,NULL,NULL,NULL,NULL,NULL,NULL,NULL,NULL),(171,'35',NULL,NULL,NULL,'dr. Wayan Sumardhi , Sp.OG',NULL,NULL,NULL,1,5,NULL,NULL,NULL,NULL,NULL,NULL,NULL,NULL,NULL,NULL,NULL,NULL,1,NULL,NULL,NULL,NULL,NULL,NULL,NULL,NULL,NULL,NULL,NULL,NULL,NULL,NULL,NULL,NULL,NULL,NULL,NULL,NULL,NULL,NULL,NULL),(172,'36',NULL,NULL,NULL,'dr. Ida Ayu Andayani , Sp.OG (K)',NULL,NULL,NULL,1,5,NULL,NULL,NULL,NULL,NULL,NULL,NULL,NULL,NULL,NULL,NULL,NULL,1,NULL,NULL,NULL,NULL,NULL,NULL,NULL,NULL,NULL,NULL,NULL,NULL,NULL,NULL,NULL,NULL,NULL,NULL,NULL,NULL,NULL,NULL,NULL),(173,'37',NULL,NULL,NULL,'dr. Putu Darma Kusuma Ipik, Sp.OG ',NULL,NULL,NULL,1,5,NULL,NULL,NULL,NULL,NULL,NULL,NULL,NULL,NULL,NULL,NULL,NULL,1,NULL,NULL,NULL,NULL,NULL,NULL,NULL,NULL,NULL,NULL,NULL,NULL,NULL,NULL,NULL,NULL,NULL,NULL,NULL,NULL,NULL,NULL,NULL),(174,'38',NULL,NULL,NULL,'dr. A.A.Ayu Konsita Wardani , Sp.OG',NULL,NULL,NULL,1,5,NULL,NULL,NULL,NULL,NULL,NULL,NULL,NULL,NULL,NULL,NULL,NULL,1,NULL,NULL,NULL,NULL,NULL,NULL,NULL,NULL,NULL,NULL,NULL,NULL,NULL,NULL,NULL,NULL,NULL,NULL,NULL,NULL,NULL,NULL,NULL),(175,'39',NULL,NULL,NULL,'dr. Ni G.A.A.S.M. Puspawaty Wetan , Sp.OG (K)',NULL,NULL,NULL,1,5,NULL,NULL,NULL,NULL,NULL,NULL,NULL,NULL,NULL,NULL,NULL,NULL,1,NULL,NULL,NULL,NULL,NULL,NULL,NULL,NULL,NULL,NULL,NULL,NULL,NULL,NULL,NULL,NULL,NULL,NULL,NULL,NULL,NULL,NULL,NULL),(176,'40',NULL,NULL,NULL,'dr. Made Gandhi Mahardika , Sp.OG',NULL,NULL,NULL,1,5,NULL,NULL,NULL,NULL,NULL,NULL,NULL,NULL,NULL,NULL,NULL,NULL,1,NULL,NULL,NULL,NULL,NULL,NULL,NULL,NULL,NULL,NULL,NULL,NULL,NULL,NULL,NULL,NULL,NULL,NULL,NULL,NULL,NULL,NULL,NULL),(177,'41',NULL,NULL,NULL,'dr. Geg Mas Nurcahya Dewi, Sp.OG',NULL,NULL,NULL,1,5,NULL,NULL,NULL,NULL,NULL,NULL,NULL,NULL,NULL,NULL,NULL,NULL,1,NULL,NULL,NULL,NULL,NULL,NULL,NULL,NULL,NULL,NULL,NULL,NULL,NULL,NULL,NULL,NULL,NULL,NULL,NULL,NULL,NULL,NULL,NULL),(178,'42',NULL,NULL,NULL,'dr. I Gusti Putu Mayun Mayura , Sp.OG',NULL,NULL,NULL,1,5,NULL,NULL,NULL,NULL,NULL,NULL,NULL,NULL,NULL,NULL,NULL,NULL,1,NULL,NULL,NULL,NULL,NULL,NULL,NULL,NULL,NULL,NULL,NULL,NULL,NULL,NULL,NULL,NULL,NULL,NULL,NULL,NULL,NULL,NULL,NULL),(179,'43',NULL,NULL,NULL,'dr. I Gde Sastra Winata , M.Biomed, Sp.OG (K)',NULL,NULL,NULL,1,5,NULL,NULL,NULL,NULL,NULL,NULL,NULL,NULL,NULL,NULL,NULL,NULL,1,NULL,NULL,NULL,NULL,NULL,NULL,NULL,NULL,NULL,NULL,NULL,NULL,NULL,NULL,NULL,NULL,NULL,NULL,NULL,NULL,NULL,NULL,NULL),(180,'44',NULL,NULL,NULL,'dr. Angga Diningrat , Sp.OG',NULL,NULL,NULL,1,5,NULL,NULL,NULL,NULL,NULL,NULL,NULL,NULL,NULL,NULL,NULL,NULL,1,NULL,NULL,NULL,NULL,NULL,NULL,NULL,NULL,NULL,NULL,NULL,NULL,NULL,NULL,NULL,NULL,NULL,NULL,NULL,NULL,NULL,NULL,NULL),(181,'45',NULL,NULL,NULL,'Prof Dr dr DN Wibawa, SpPD-KGEH',NULL,NULL,NULL,1,5,NULL,NULL,NULL,NULL,NULL,NULL,NULL,NULL,NULL,NULL,NULL,NULL,1,NULL,NULL,NULL,NULL,NULL,NULL,NULL,NULL,NULL,NULL,NULL,NULL,NULL,NULL,NULL,NULL,NULL,NULL,NULL,NULL,NULL,NULL,NULL),(182,'46',NULL,NULL,NULL,'Prof. dr. Ketut Niti Susila, SpM',NULL,NULL,NULL,1,5,NULL,NULL,NULL,NULL,NULL,NULL,NULL,NULL,NULL,NULL,NULL,NULL,1,NULL,NULL,NULL,NULL,NULL,NULL,NULL,NULL,NULL,NULL,NULL,NULL,NULL,NULL,NULL,NULL,NULL,NULL,NULL,NULL,NULL,NULL,NULL),(183,'47',NULL,NULL,NULL,'dr. AAA Sukartini Djelantik, SpM',NULL,NULL,NULL,1,5,NULL,NULL,NULL,NULL,NULL,NULL,NULL,NULL,NULL,NULL,NULL,NULL,1,NULL,NULL,NULL,NULL,NULL,NULL,NULL,NULL,NULL,NULL,NULL,NULL,NULL,NULL,NULL,NULL,NULL,NULL,NULL,NULL,NULL,NULL,NULL),(185,'49',NULL,NULL,NULL,'dr. Putu Budhiastra, SpM',NULL,NULL,NULL,1,5,NULL,NULL,NULL,NULL,NULL,NULL,NULL,NULL,NULL,NULL,NULL,NULL,1,NULL,NULL,NULL,NULL,NULL,NULL,NULL,NULL,NULL,NULL,NULL,NULL,NULL,NULL,NULL,NULL,NULL,NULL,NULL,NULL,NULL,NULL,NULL),(186,'50',NULL,NULL,NULL,'dr. Wayan Gede Jaya Negara, SpM',NULL,NULL,NULL,1,5,NULL,NULL,NULL,NULL,NULL,NULL,NULL,NULL,NULL,NULL,NULL,NULL,1,NULL,NULL,NULL,NULL,NULL,NULL,NULL,NULL,NULL,NULL,NULL,NULL,NULL,NULL,NULL,NULL,NULL,NULL,NULL,NULL,NULL,NULL,NULL),(187,'51',NULL,NULL,NULL,'dr.Sari Marina , SpM',NULL,NULL,NULL,1,5,NULL,NULL,NULL,NULL,NULL,NULL,NULL,NULL,NULL,NULL,NULL,NULL,1,NULL,NULL,NULL,NULL,NULL,NULL,NULL,NULL,NULL,NULL,NULL,NULL,NULL,NULL,NULL,NULL,NULL,NULL,NULL,NULL,NULL,NULL,NULL),(188,'52',NULL,NULL,NULL,'dr.Luh Putu Intan Kartika Chandra Dewi , SpM',NULL,NULL,NULL,1,5,NULL,NULL,NULL,NULL,NULL,NULL,NULL,NULL,NULL,NULL,NULL,NULL,1,NULL,NULL,NULL,NULL,NULL,NULL,NULL,NULL,NULL,NULL,NULL,NULL,NULL,NULL,NULL,NULL,NULL,NULL,NULL,NULL,NULL,NULL,NULL),(189,'53',NULL,NULL,NULL,'dr.Ni Nyoman Triharpini , SpM',NULL,NULL,NULL,2,5,NULL,NULL,NULL,NULL,NULL,NULL,NULL,NULL,NULL,NULL,NULL,NULL,1,NULL,NULL,NULL,NULL,NULL,NULL,NULL,NULL,NULL,NULL,NULL,NULL,NULL,NULL,NULL,NULL,NULL,NULL,NULL,NULL,NULL,NULL,NULL),(190,'54',NULL,NULL,NULL,'dr. Ida Ayu Ary Pramita, SpM',NULL,NULL,NULL,1,5,NULL,NULL,NULL,NULL,NULL,NULL,NULL,NULL,NULL,NULL,NULL,NULL,1,NULL,NULL,NULL,NULL,NULL,NULL,NULL,NULL,NULL,NULL,NULL,NULL,NULL,NULL,NULL,NULL,NULL,NULL,NULL,NULL,NULL,NULL,NULL),(191,'55',NULL,NULL,NULL,'dr. Komang Tridiyoga. SpM',NULL,NULL,NULL,2,5,NULL,NULL,NULL,NULL,NULL,NULL,NULL,NULL,NULL,NULL,NULL,NULL,1,NULL,NULL,NULL,NULL,NULL,NULL,NULL,NULL,NULL,NULL,NULL,NULL,NULL,NULL,NULL,NULL,NULL,NULL,NULL,NULL,NULL,NULL,NULL),(192,'56',NULL,NULL,NULL,'Prof.DR.dr.IBN Rai, SpP(K)',NULL,NULL,NULL,1,5,NULL,NULL,NULL,NULL,NULL,NULL,NULL,NULL,NULL,NULL,NULL,NULL,1,NULL,NULL,NULL,NULL,NULL,NULL,NULL,NULL,NULL,NULL,NULL,NULL,NULL,NULL,NULL,NULL,NULL,NULL,NULL,NULL,NULL,NULL,NULL),(193,'57',NULL,NULL,NULL,'dr. Oliva , SpJP',NULL,NULL,NULL,2,5,NULL,NULL,NULL,NULL,NULL,NULL,NULL,NULL,NULL,NULL,NULL,NULL,1,NULL,NULL,NULL,NULL,NULL,NULL,NULL,NULL,NULL,NULL,NULL,NULL,NULL,NULL,NULL,NULL,NULL,NULL,NULL,NULL,NULL,NULL,NULL),(194,'58',NULL,NULL,NULL,'dr. Rani Maliawan , M.Biomed, SpJP',NULL,NULL,NULL,1,5,NULL,NULL,NULL,NULL,NULL,NULL,NULL,NULL,NULL,NULL,NULL,NULL,1,NULL,NULL,NULL,NULL,NULL,NULL,NULL,NULL,NULL,NULL,NULL,NULL,NULL,NULL,NULL,NULL,NULL,NULL,NULL,NULL,NULL,NULL,NULL),(195,'59',NULL,NULL,NULL,'dr.Beny Surya Wijaya,M.Biomed,Sp.PD',NULL,NULL,NULL,2,5,NULL,NULL,NULL,NULL,NULL,NULL,NULL,NULL,NULL,NULL,NULL,NULL,1,NULL,NULL,NULL,NULL,NULL,NULL,NULL,NULL,NULL,NULL,NULL,NULL,NULL,NULL,NULL,NULL,NULL,NULL,NULL,NULL,NULL,NULL,NULL),(196,'60',NULL,NULL,NULL,'dr. I Made Pande Dwipayana,Sp.PD, KEMD,FINASIM',NULL,NULL,NULL,2,5,NULL,NULL,NULL,NULL,NULL,NULL,NULL,NULL,NULL,NULL,NULL,NULL,1,NULL,NULL,NULL,NULL,NULL,NULL,NULL,NULL,NULL,NULL,NULL,NULL,NULL,NULL,NULL,NULL,NULL,NULL,NULL,NULL,NULL,NULL,NULL),(197,'61',NULL,NULL,NULL,'dr, Prayuda , Sp.PD',NULL,NULL,NULL,2,5,NULL,NULL,NULL,NULL,NULL,NULL,NULL,NULL,NULL,NULL,NULL,NULL,1,NULL,NULL,NULL,NULL,NULL,NULL,NULL,NULL,NULL,NULL,NULL,NULL,NULL,NULL,NULL,NULL,NULL,NULL,NULL,NULL,NULL,NULL,NULL),(198,'62',NULL,NULL,NULL,'Dr. Alit Aryani, Sp.KJ',NULL,NULL,NULL,2,5,NULL,NULL,NULL,NULL,NULL,NULL,NULL,NULL,NULL,NULL,NULL,NULL,1,NULL,NULL,NULL,NULL,NULL,NULL,NULL,NULL,NULL,NULL,NULL,NULL,NULL,NULL,NULL,NULL,NULL,NULL,NULL,NULL,NULL,NULL,NULL),(199,'63',NULL,NULL,NULL,'dr. Ketut Bajra Nadha, SpJP',NULL,NULL,NULL,2,5,NULL,NULL,NULL,NULL,NULL,NULL,NULL,NULL,NULL,NULL,NULL,NULL,1,NULL,NULL,NULL,NULL,NULL,NULL,NULL,NULL,NULL,NULL,NULL,NULL,NULL,NULL,NULL,NULL,NULL,NULL,NULL,NULL,NULL,NULL,NULL),(200,'64',NULL,NULL,NULL,'dr.Hendy Wirawan, M.BioMed, SpJP FIHA',NULL,NULL,NULL,2,5,NULL,NULL,NULL,NULL,NULL,NULL,NULL,NULL,NULL,NULL,NULL,NULL,1,NULL,NULL,NULL,NULL,NULL,NULL,NULL,NULL,NULL,NULL,NULL,NULL,NULL,NULL,NULL,NULL,NULL,NULL,NULL,NULL,NULL,NULL,NULL),(201,'65',NULL,NULL,NULL,'dr. Putu Primeriana Nugiaswari , SpJP',NULL,NULL,NULL,2,5,NULL,NULL,NULL,NULL,NULL,NULL,NULL,NULL,NULL,NULL,NULL,NULL,1,NULL,NULL,NULL,NULL,NULL,NULL,NULL,NULL,NULL,NULL,NULL,NULL,NULL,NULL,NULL,NULL,NULL,NULL,NULL,NULL,NULL,NULL,NULL),(202,'66',NULL,NULL,NULL,'dr. I Made Pande Dwipayana,Sp.PD, KEMD,FINASIM',NULL,NULL,NULL,2,5,NULL,NULL,NULL,NULL,NULL,NULL,NULL,NULL,NULL,NULL,NULL,NULL,1,NULL,NULL,NULL,NULL,NULL,NULL,NULL,NULL,NULL,NULL,NULL,NULL,NULL,NULL,NULL,NULL,NULL,NULL,NULL,NULL,NULL,NULL,NULL),(203,'67',NULL,NULL,NULL,'dr.Prayuda,Sp.PD',NULL,NULL,NULL,2,5,NULL,NULL,NULL,NULL,NULL,NULL,NULL,NULL,NULL,NULL,NULL,NULL,1,NULL,NULL,NULL,NULL,NULL,NULL,NULL,NULL,NULL,NULL,NULL,NULL,NULL,NULL,NULL,NULL,NULL,NULL,NULL,NULL,NULL,NULL,NULL),(204,'68',NULL,NULL,NULL,'dr. I Made Intaran, SpTHT - KL',NULL,NULL,NULL,2,5,NULL,NULL,NULL,NULL,NULL,NULL,NULL,NULL,NULL,NULL,NULL,NULL,1,NULL,NULL,NULL,NULL,NULL,NULL,NULL,NULL,NULL,NULL,NULL,NULL,NULL,NULL,NULL,NULL,NULL,NULL,NULL,NULL,NULL,NULL,NULL),(205,'69',NULL,NULL,NULL,'dr. Sari Wulan Dwi Sutanegara, SpTHT - KL',NULL,NULL,NULL,2,5,NULL,NULL,NULL,NULL,NULL,NULL,NULL,NULL,NULL,NULL,NULL,NULL,1,NULL,NULL,NULL,NULL,NULL,NULL,NULL,NULL,NULL,NULL,NULL,NULL,NULL,NULL,NULL,NULL,NULL,NULL,NULL,NULL,NULL,NULL,NULL),(206,'70',NULL,NULL,NULL,'dr. Komang Andi Dwi Saputra,Sp.THT-KL',NULL,NULL,NULL,2,5,NULL,NULL,NULL,NULL,NULL,NULL,NULL,NULL,NULL,NULL,NULL,NULL,1,NULL,NULL,NULL,NULL,NULL,NULL,NULL,NULL,NULL,NULL,NULL,NULL,NULL,NULL,NULL,NULL,NULL,NULL,NULL,NULL,NULL,NULL,NULL),(207,'71',NULL,NULL,NULL,'dr. A.A.Putu Adi Rusdika , Sp.THT-KL',NULL,NULL,NULL,2,5,NULL,NULL,NULL,NULL,NULL,NULL,NULL,NULL,NULL,NULL,NULL,NULL,1,NULL,NULL,NULL,NULL,NULL,NULL,NULL,NULL,NULL,NULL,NULL,NULL,NULL,NULL,NULL,NULL,NULL,NULL,NULL,NULL,NULL,NULL,NULL),(208,'72',NULL,NULL,NULL,'dr. Ade Ari Sutradewi, SpTHT-KL',NULL,NULL,NULL,2,5,NULL,NULL,NULL,NULL,NULL,NULL,NULL,NULL,NULL,NULL,NULL,NULL,1,NULL,NULL,NULL,NULL,NULL,NULL,NULL,NULL,NULL,NULL,NULL,NULL,NULL,NULL,NULL,NULL,NULL,NULL,NULL,NULL,NULL,NULL,NULL),(209,'73',NULL,NULL,NULL,'dr. Putu Dian Ariyanti Putri, SpTHT-KL',NULL,NULL,NULL,2,5,NULL,NULL,NULL,NULL,NULL,NULL,NULL,NULL,NULL,NULL,NULL,NULL,1,NULL,NULL,NULL,NULL,NULL,NULL,NULL,NULL,NULL,NULL,NULL,NULL,NULL,NULL,NULL,NULL,NULL,NULL,NULL,NULL,NULL,NULL,NULL),(210,'75',NULL,NULL,NULL,'dr. Christina Kurniasih, SpTHT-KL',NULL,NULL,NULL,2,5,NULL,NULL,NULL,NULL,NULL,NULL,NULL,NULL,NULL,NULL,NULL,NULL,1,NULL,NULL,NULL,NULL,NULL,NULL,NULL,NULL,NULL,NULL,NULL,NULL,NULL,NULL,NULL,NULL,NULL,NULL,NULL,NULL,NULL,NULL,NULL),(211,'76',NULL,NULL,NULL,'dr. Ida Bagus Semara Putra, SpTHT-KL',NULL,NULL,NULL,2,5,NULL,NULL,NULL,NULL,NULL,NULL,NULL,NULL,NULL,NULL,NULL,NULL,1,NULL,NULL,NULL,NULL,NULL,NULL,NULL,NULL,NULL,NULL,NULL,NULL,NULL,NULL,NULL,NULL,NULL,NULL,NULL,NULL,NULL,NULL,NULL),(212,'77',NULL,NULL,NULL,'dr A.A. Ngurah Rahma Putra SpTHT-KL ',NULL,NULL,NULL,2,5,NULL,NULL,NULL,NULL,NULL,NULL,NULL,NULL,NULL,NULL,NULL,NULL,1,NULL,NULL,NULL,NULL,NULL,NULL,NULL,NULL,NULL,NULL,NULL,NULL,NULL,NULL,NULL,NULL,NULL,NULL,NULL,NULL,NULL,NULL,NULL),(213,'78',NULL,NULL,NULL,'dr. I Gusti Ketut Nurada SpTHT-KL (K)',NULL,NULL,NULL,2,5,NULL,NULL,NULL,NULL,NULL,NULL,NULL,NULL,NULL,NULL,NULL,NULL,1,NULL,NULL,NULL,NULL,NULL,NULL,NULL,NULL,NULL,NULL,NULL,NULL,NULL,NULL,NULL,NULL,NULL,NULL,NULL,NULL,NULL,NULL,NULL),(214,'79',NULL,NULL,NULL,'dr. Dewa Made Sudiatmika, SpTHT-KL (K)',NULL,NULL,NULL,2,5,NULL,NULL,NULL,NULL,NULL,NULL,NULL,NULL,NULL,NULL,NULL,NULL,1,NULL,NULL,NULL,NULL,NULL,NULL,NULL,NULL,NULL,NULL,NULL,NULL,NULL,NULL,NULL,NULL,NULL,NULL,NULL,NULL,NULL,NULL,NULL),(215,'80',NULL,NULL,NULL,'dr. I Kompiang Gd Suandi, SpA',NULL,NULL,NULL,2,5,NULL,NULL,NULL,NULL,NULL,NULL,NULL,NULL,NULL,NULL,NULL,NULL,1,NULL,NULL,NULL,NULL,NULL,NULL,NULL,NULL,NULL,NULL,NULL,NULL,NULL,NULL,NULL,NULL,NULL,NULL,NULL,NULL,NULL,NULL,NULL),(216,'81',NULL,NULL,NULL,'dr. Ni Putu Arniyati, SpA',NULL,NULL,NULL,2,5,NULL,NULL,NULL,NULL,NULL,NULL,NULL,NULL,NULL,NULL,NULL,NULL,1,NULL,NULL,NULL,NULL,NULL,NULL,NULL,NULL,NULL,NULL,NULL,NULL,NULL,NULL,NULL,NULL,NULL,NULL,NULL,NULL,NULL,NULL,NULL),(217,'82',NULL,NULL,NULL,'dr.Ayu Ketut Surya Dewi, M.Biomed, SpA',NULL,NULL,NULL,2,5,NULL,NULL,NULL,NULL,NULL,NULL,NULL,NULL,NULL,NULL,NULL,NULL,1,NULL,NULL,NULL,NULL,NULL,NULL,NULL,NULL,NULL,NULL,NULL,NULL,NULL,NULL,NULL,NULL,NULL,NULL,NULL,NULL,NULL,NULL,NULL),(218,'83',NULL,NULL,NULL,'dr. Nyoman Metriani Nesa , MSc , SpA',NULL,NULL,NULL,2,5,NULL,NULL,NULL,NULL,NULL,NULL,NULL,NULL,NULL,NULL,NULL,NULL,1,NULL,NULL,NULL,NULL,NULL,NULL,NULL,NULL,NULL,NULL,NULL,NULL,NULL,NULL,NULL,NULL,NULL,NULL,NULL,NULL,NULL,NULL,NULL),(219,'84',NULL,NULL,NULL,'dr. IB Agung Winaya , Sp A',NULL,NULL,NULL,2,5,NULL,NULL,NULL,NULL,NULL,NULL,NULL,NULL,NULL,NULL,NULL,NULL,1,NULL,NULL,NULL,NULL,NULL,NULL,NULL,NULL,NULL,NULL,NULL,NULL,NULL,NULL,NULL,NULL,NULL,NULL,NULL,NULL,NULL,NULL,NULL),(220,'85',NULL,NULL,NULL,'dr.A.A. Widnyana, Sp.A',NULL,NULL,NULL,2,5,NULL,NULL,NULL,NULL,NULL,NULL,NULL,NULL,NULL,NULL,NULL,NULL,1,NULL,NULL,NULL,NULL,NULL,NULL,NULL,NULL,NULL,NULL,NULL,NULL,NULL,NULL,NULL,NULL,NULL,NULL,NULL,NULL,NULL,NULL,NULL),(221,'86',NULL,NULL,NULL,'dr.Bagus Ngurah Mahakrishna , Sp.A',NULL,NULL,NULL,2,5,NULL,NULL,NULL,NULL,NULL,NULL,NULL,NULL,NULL,NULL,NULL,NULL,1,NULL,NULL,NULL,NULL,NULL,NULL,NULL,NULL,NULL,NULL,NULL,NULL,NULL,NULL,NULL,NULL,NULL,NULL,NULL,NULL,NULL,NULL,NULL),(222,'87',NULL,NULL,NULL,'dr. I Kompiang Gd Suandi, SpA',NULL,NULL,NULL,2,5,NULL,NULL,NULL,NULL,NULL,NULL,NULL,NULL,NULL,NULL,NULL,NULL,1,NULL,NULL,NULL,NULL,NULL,NULL,NULL,NULL,NULL,NULL,NULL,NULL,NULL,NULL,NULL,NULL,NULL,NULL,NULL,NULL,NULL,NULL,NULL),(223,'88',NULL,NULL,NULL,'dr. Kompiang Gautama, SpA',NULL,NULL,NULL,2,5,NULL,NULL,NULL,NULL,NULL,NULL,NULL,NULL,NULL,NULL,NULL,NULL,1,NULL,NULL,NULL,NULL,NULL,NULL,NULL,NULL,NULL,NULL,NULL,NULL,NULL,NULL,NULL,NULL,NULL,NULL,NULL,NULL,NULL,NULL,NULL),(224,'90',NULL,NULL,NULL,'dr.I Nyoman Budi Hartawan,MSc , SpA (K)',NULL,NULL,NULL,2,5,NULL,NULL,NULL,NULL,NULL,NULL,NULL,NULL,NULL,NULL,NULL,NULL,1,NULL,NULL,NULL,NULL,NULL,NULL,NULL,NULL,NULL,NULL,NULL,NULL,NULL,NULL,NULL,NULL,NULL,NULL,NULL,NULL,NULL,NULL,NULL),(225,'91',NULL,NULL,NULL,'dr.A.A. Widnyana, Sp.A',NULL,NULL,NULL,2,5,NULL,NULL,NULL,NULL,NULL,NULL,NULL,NULL,NULL,NULL,NULL,NULL,1,NULL,NULL,NULL,NULL,NULL,NULL,NULL,NULL,NULL,NULL,NULL,NULL,NULL,NULL,NULL,NULL,NULL,NULL,NULL,NULL,NULL,NULL,NULL),(226,'93',NULL,NULL,NULL,'dr.Mas Vina, SpA',NULL,NULL,NULL,2,5,NULL,NULL,NULL,NULL,NULL,NULL,NULL,NULL,NULL,NULL,NULL,NULL,1,NULL,NULL,NULL,NULL,NULL,NULL,NULL,NULL,NULL,NULL,NULL,NULL,NULL,NULL,NULL,NULL,NULL,NULL,NULL,NULL,NULL,NULL,NULL),(227,'94',NULL,NULL,NULL,'dr.Ayu Ketut Surya Dewi, M.Biomed, SpA',NULL,NULL,NULL,2,5,NULL,NULL,NULL,NULL,NULL,NULL,NULL,NULL,NULL,NULL,NULL,NULL,1,NULL,NULL,NULL,NULL,NULL,NULL,NULL,NULL,NULL,NULL,NULL,NULL,NULL,NULL,NULL,NULL,NULL,NULL,NULL,NULL,NULL,NULL,NULL),(228,'95',NULL,NULL,NULL,'dr.Bagus Ngurah Mahakrishna , SpA',NULL,NULL,NULL,2,5,NULL,NULL,NULL,NULL,NULL,NULL,NULL,NULL,NULL,NULL,NULL,NULL,1,NULL,NULL,NULL,NULL,NULL,NULL,NULL,NULL,NULL,NULL,NULL,NULL,NULL,NULL,NULL,NULL,NULL,NULL,NULL,NULL,NULL,NULL,NULL),(229,'96',NULL,NULL,NULL,'dr.A.A. Tri Yuliantini , Sp.A',NULL,NULL,NULL,2,5,NULL,NULL,NULL,NULL,NULL,NULL,NULL,NULL,NULL,NULL,NULL,NULL,1,NULL,NULL,NULL,NULL,NULL,NULL,NULL,NULL,NULL,NULL,NULL,NULL,NULL,NULL,NULL,NULL,NULL,NULL,NULL,NULL,NULL,NULL,NULL),(230,'97',NULL,NULL,NULL,'dr. IB Agung Winaya , Sp A',NULL,NULL,NULL,2,5,NULL,NULL,NULL,NULL,NULL,NULL,NULL,NULL,NULL,NULL,NULL,NULL,1,NULL,NULL,NULL,NULL,NULL,NULL,NULL,NULL,NULL,NULL,NULL,NULL,NULL,NULL,NULL,NULL,NULL,NULL,NULL,NULL,NULL,NULL,NULL),(231,'98',NULL,NULL,NULL,'dr. Ni Putu Arniyati, SpA',NULL,NULL,NULL,2,5,NULL,NULL,NULL,NULL,NULL,NULL,NULL,NULL,NULL,NULL,NULL,NULL,1,NULL,NULL,NULL,NULL,NULL,NULL,NULL,NULL,NULL,NULL,NULL,NULL,NULL,NULL,NULL,NULL,NULL,NULL,NULL,NULL,NULL,NULL,NULL),(232,'99',NULL,NULL,NULL,'dr.Mas Vina, SpA',NULL,NULL,NULL,2,5,NULL,NULL,NULL,NULL,NULL,NULL,NULL,NULL,NULL,NULL,NULL,NULL,1,NULL,NULL,NULL,NULL,NULL,NULL,NULL,NULL,NULL,NULL,NULL,NULL,NULL,NULL,NULL,NULL,NULL,NULL,NULL,NULL,NULL,NULL,NULL),(233,'100',NULL,NULL,NULL,'dr.Agus Suryawan, M.BioMed, MSpS',NULL,NULL,NULL,2,5,NULL,NULL,NULL,NULL,NULL,NULL,NULL,NULL,NULL,NULL,NULL,NULL,1,NULL,NULL,NULL,NULL,NULL,NULL,NULL,NULL,NULL,NULL,NULL,NULL,NULL,NULL,NULL,NULL,NULL,NULL,NULL,NULL,NULL,NULL,NULL),(234,'101',NULL,NULL,NULL,'dr. Kumaratini, SpS',NULL,NULL,NULL,2,5,NULL,NULL,NULL,NULL,NULL,NULL,NULL,NULL,NULL,NULL,NULL,NULL,1,NULL,NULL,NULL,NULL,NULL,NULL,NULL,NULL,NULL,NULL,NULL,NULL,NULL,NULL,NULL,NULL,NULL,NULL,NULL,NULL,NULL,NULL,NULL),(235,'102',NULL,NULL,NULL,'dr. Purna Putra , SpS',NULL,NULL,NULL,1,5,NULL,NULL,NULL,NULL,NULL,NULL,NULL,NULL,NULL,NULL,NULL,NULL,1,NULL,NULL,NULL,NULL,NULL,NULL,NULL,NULL,NULL,NULL,NULL,NULL,NULL,NULL,NULL,NULL,NULL,NULL,NULL,NULL,NULL,NULL,NULL),(236,'103',NULL,NULL,NULL,'dr. I A Sri Indrayani , SpS',NULL,NULL,NULL,1,5,NULL,NULL,NULL,NULL,NULL,NULL,NULL,NULL,NULL,NULL,NULL,NULL,1,NULL,NULL,NULL,NULL,NULL,NULL,NULL,NULL,NULL,NULL,NULL,NULL,NULL,NULL,NULL,NULL,NULL,NULL,NULL,NULL,NULL,NULL,NULL),(237,'104',NULL,NULL,NULL,'dr. Bagus Ngurah Mahasena Putera A , Sp.N',NULL,NULL,NULL,1,5,NULL,NULL,NULL,NULL,NULL,NULL,NULL,NULL,NULL,NULL,NULL,NULL,1,NULL,NULL,NULL,NULL,NULL,NULL,NULL,NULL,NULL,NULL,NULL,NULL,NULL,NULL,NULL,NULL,NULL,NULL,NULL,NULL,NULL,NULL,NULL),(238,'105',NULL,NULL,NULL,'dr. Putu Yudhi Nusartha Diputra , Sp.N',NULL,NULL,NULL,1,5,NULL,NULL,NULL,NULL,NULL,NULL,NULL,NULL,NULL,NULL,NULL,NULL,1,NULL,NULL,NULL,NULL,NULL,NULL,NULL,NULL,NULL,NULL,NULL,NULL,NULL,NULL,NULL,NULL,NULL,NULL,NULL,NULL,NULL,NULL,NULL),(239,'106',NULL,NULL,NULL,'dr.A.A. Tri Yuliantini , Sp.A',NULL,NULL,NULL,1,5,NULL,NULL,NULL,NULL,NULL,NULL,NULL,NULL,NULL,NULL,NULL,NULL,1,NULL,NULL,NULL,NULL,NULL,NULL,NULL,NULL,NULL,NULL,NULL,NULL,NULL,NULL,NULL,NULL,NULL,NULL,NULL,NULL,NULL,NULL,NULL),(240,'107',NULL,NULL,NULL,'dr. I Made Oka Asmara Jaya, Sp.OG',NULL,NULL,NULL,1,5,NULL,NULL,NULL,NULL,NULL,NULL,NULL,NULL,NULL,NULL,NULL,NULL,1,NULL,NULL,NULL,NULL,NULL,NULL,NULL,NULL,NULL,NULL,NULL,NULL,NULL,NULL,NULL,NULL,NULL,NULL,NULL,NULL,NULL,NULL,NULL),(241,'108',NULL,NULL,NULL,'dr. I Made Ariyana , Sp.OG (K)',NULL,NULL,NULL,1,5,NULL,NULL,NULL,NULL,NULL,NULL,NULL,NULL,NULL,NULL,NULL,NULL,1,NULL,NULL,NULL,NULL,NULL,NULL,NULL,NULL,NULL,NULL,NULL,NULL,NULL,NULL,NULL,NULL,NULL,NULL,NULL,NULL,NULL,NULL,NULL),(242,'109',NULL,NULL,NULL,'dr. Desak Nyoman Praptini, Sp.OG',NULL,NULL,NULL,1,5,NULL,NULL,NULL,NULL,NULL,NULL,NULL,NULL,NULL,NULL,NULL,NULL,1,NULL,NULL,NULL,NULL,NULL,NULL,NULL,NULL,NULL,NULL,NULL,NULL,NULL,NULL,NULL,NULL,NULL,NULL,NULL,NULL,NULL,NULL,NULL),(243,'110',NULL,NULL,NULL,'dr. I Kadek Sukamertha , Sp.OG',NULL,NULL,NULL,1,5,NULL,NULL,NULL,NULL,NULL,NULL,NULL,NULL,NULL,NULL,NULL,NULL,1,NULL,NULL,NULL,NULL,NULL,NULL,NULL,NULL,NULL,NULL,NULL,NULL,NULL,NULL,NULL,NULL,NULL,NULL,NULL,NULL,NULL,NULL,NULL),(244,'111',NULL,NULL,NULL,'dr. Fido Anggli , M.Biomed , Sp.OG',NULL,NULL,NULL,1,5,NULL,NULL,NULL,NULL,NULL,NULL,NULL,NULL,NULL,NULL,NULL,NULL,1,NULL,NULL,NULL,NULL,NULL,NULL,NULL,NULL,NULL,NULL,NULL,NULL,NULL,NULL,NULL,NULL,NULL,NULL,NULL,NULL,NULL,NULL,NULL),(245,'112',NULL,NULL,NULL,'dr. Made Bagus Dwi Aryana , Sp.OG (K)',NULL,NULL,NULL,1,5,NULL,NULL,NULL,NULL,NULL,NULL,NULL,NULL,NULL,NULL,NULL,NULL,1,NULL,NULL,NULL,NULL,NULL,NULL,NULL,NULL,NULL,NULL,NULL,NULL,NULL,NULL,NULL,NULL,NULL,NULL,NULL,NULL,NULL,NULL,NULL),(246,'113',NULL,NULL,NULL,'dr. A.A.Ayu Konsita Wardani , Sp.OG',NULL,NULL,NULL,1,5,NULL,NULL,NULL,NULL,NULL,NULL,NULL,NULL,NULL,NULL,NULL,NULL,1,NULL,NULL,NULL,NULL,NULL,NULL,NULL,NULL,NULL,NULL,NULL,NULL,NULL,NULL,NULL,NULL,NULL,NULL,NULL,NULL,NULL,NULL,NULL),(247,'114',NULL,NULL,NULL,'dr. Gede Wirakusuma , M.Biomed , Sp.OG',NULL,NULL,NULL,1,5,NULL,NULL,NULL,NULL,NULL,NULL,NULL,NULL,NULL,NULL,NULL,NULL,1,NULL,NULL,NULL,NULL,NULL,NULL,NULL,NULL,NULL,NULL,NULL,NULL,NULL,NULL,NULL,NULL,NULL,NULL,NULL,NULL,NULL,NULL,NULL),(248,'115',NULL,NULL,NULL,'drg. Made Suthanaya, SpBM',NULL,NULL,NULL,1,5,NULL,NULL,NULL,NULL,NULL,NULL,NULL,NULL,NULL,NULL,NULL,NULL,1,NULL,NULL,NULL,NULL,NULL,NULL,NULL,NULL,NULL,NULL,NULL,NULL,NULL,NULL,NULL,NULL,NULL,NULL,NULL,NULL,NULL,NULL,NULL),(249,'116',NULL,NULL,NULL,'drg. Agus Gede Sutamaya,Sp.Perio',NULL,NULL,NULL,1,5,NULL,NULL,NULL,NULL,NULL,NULL,NULL,NULL,NULL,NULL,NULL,NULL,1,NULL,NULL,NULL,NULL,NULL,NULL,NULL,NULL,NULL,NULL,NULL,NULL,NULL,NULL,NULL,NULL,NULL,NULL,NULL,NULL,NULL,NULL,NULL),(250,'117',NULL,NULL,NULL,'drg. Irayanti',NULL,NULL,NULL,1,5,NULL,NULL,NULL,NULL,NULL,NULL,NULL,NULL,NULL,NULL,NULL,NULL,1,NULL,NULL,NULL,NULL,NULL,NULL,NULL,NULL,NULL,NULL,NULL,NULL,NULL,NULL,NULL,NULL,NULL,NULL,NULL,NULL,NULL,NULL,NULL),(251,'118',NULL,NULL,NULL,'drg.A.A.Istri Mas Indrawati',NULL,NULL,NULL,11,5,NULL,NULL,NULL,NULL,NULL,NULL,NULL,NULL,NULL,NULL,NULL,NULL,1,NULL,NULL,NULL,NULL,NULL,NULL,NULL,NULL,NULL,NULL,NULL,NULL,NULL,NULL,NULL,NULL,NULL,NULL,NULL,NULL,NULL,NULL,NULL),(252,'119',NULL,NULL,NULL,'drg. Shirley Indrajaya , SKG',NULL,NULL,NULL,1,5,NULL,NULL,NULL,NULL,NULL,NULL,NULL,NULL,NULL,NULL,NULL,NULL,1,NULL,NULL,NULL,NULL,NULL,NULL,NULL,NULL,NULL,NULL,NULL,NULL,NULL,NULL,NULL,NULL,NULL,NULL,NULL,NULL,NULL,NULL,NULL),(253,'120',NULL,NULL,NULL,'drg. Desi Lastya Utami',NULL,NULL,NULL,1,5,NULL,NULL,NULL,NULL,NULL,NULL,NULL,NULL,NULL,NULL,NULL,NULL,1,NULL,NULL,NULL,NULL,NULL,NULL,NULL,NULL,NULL,NULL,NULL,NULL,NULL,NULL,NULL,NULL,NULL,NULL,NULL,NULL,NULL,NULL,NULL),(254,'121',NULL,NULL,NULL,'drg. Nyoman Sri Wirastuti',NULL,NULL,NULL,1,5,NULL,NULL,NULL,NULL,NULL,NULL,NULL,NULL,NULL,NULL,NULL,NULL,1,NULL,NULL,NULL,NULL,NULL,NULL,NULL,NULL,NULL,NULL,NULL,NULL,NULL,NULL,NULL,NULL,NULL,NULL,NULL,NULL,NULL,NULL,NULL),(255,'122',NULL,NULL,NULL,'drg. I Putu Arna Suputra',NULL,NULL,NULL,1,5,NULL,NULL,NULL,NULL,NULL,NULL,NULL,NULL,NULL,NULL,NULL,NULL,1,NULL,NULL,NULL,NULL,NULL,NULL,NULL,NULL,NULL,NULL,NULL,NULL,NULL,NULL,NULL,NULL,NULL,NULL,NULL,NULL,NULL,NULL,NULL),(256,'123',NULL,NULL,NULL,'drg. Ni Made Titia Prabandari Iswara',NULL,NULL,NULL,1,5,NULL,NULL,NULL,NULL,NULL,NULL,NULL,NULL,NULL,NULL,NULL,NULL,1,NULL,NULL,NULL,NULL,NULL,NULL,NULL,NULL,NULL,NULL,NULL,NULL,NULL,NULL,NULL,NULL,NULL,NULL,NULL,NULL,NULL,NULL,NULL),(257,'124',NULL,NULL,NULL,'dr. A.A.S. Putra Dewi, SpKK',NULL,NULL,NULL,1,5,NULL,NULL,NULL,NULL,NULL,NULL,NULL,NULL,NULL,NULL,NULL,NULL,1,NULL,NULL,NULL,NULL,NULL,NULL,NULL,NULL,NULL,NULL,NULL,NULL,NULL,NULL,NULL,NULL,NULL,NULL,NULL,NULL,NULL,NULL,NULL),(258,'125',NULL,NULL,NULL,'dr. IGAA Dwi Karmila, SpKK',NULL,NULL,NULL,1,5,NULL,NULL,NULL,NULL,NULL,NULL,NULL,NULL,NULL,NULL,NULL,NULL,1,NULL,NULL,NULL,NULL,NULL,NULL,NULL,NULL,NULL,NULL,NULL,NULL,NULL,NULL,NULL,NULL,NULL,NULL,NULL,NULL,NULL,NULL,NULL),(259,'126',NULL,NULL,NULL,'dr. Yukhi Kurniawan, Sp.And',NULL,NULL,NULL,1,5,NULL,NULL,NULL,NULL,NULL,NULL,NULL,NULL,NULL,NULL,NULL,NULL,1,NULL,NULL,NULL,NULL,NULL,NULL,NULL,NULL,NULL,NULL,NULL,NULL,NULL,NULL,NULL,NULL,NULL,NULL,NULL,NULL,NULL,NULL,NULL),(260,'127',NULL,NULL,NULL,'dr. I Wayan Gede Sutadarma , M Gizi , SpKG',NULL,NULL,NULL,1,5,NULL,NULL,NULL,NULL,NULL,NULL,NULL,NULL,NULL,NULL,NULL,NULL,1,NULL,NULL,NULL,NULL,NULL,NULL,NULL,NULL,NULL,NULL,NULL,NULL,NULL,NULL,NULL,NULL,NULL,NULL,NULL,NULL,NULL,NULL,NULL),(261,'128',NULL,NULL,NULL,'dr. Kumara Tini , SpS , FINS',NULL,NULL,NULL,1,5,NULL,NULL,NULL,NULL,NULL,NULL,NULL,NULL,NULL,NULL,NULL,NULL,1,NULL,NULL,NULL,NULL,NULL,NULL,NULL,NULL,NULL,NULL,NULL,NULL,NULL,NULL,NULL,NULL,NULL,NULL,NULL,NULL,NULL,NULL,NULL),(262,'129',NULL,NULL,NULL,'dr.Agus Suryawan, M.BioMed, MSpS',NULL,NULL,NULL,1,5,NULL,NULL,NULL,NULL,NULL,NULL,NULL,NULL,NULL,NULL,NULL,NULL,1,NULL,NULL,NULL,NULL,NULL,NULL,NULL,NULL,NULL,NULL,NULL,NULL,NULL,NULL,NULL,NULL,NULL,NULL,NULL,NULL,NULL,NULL,NULL),(263,'130',NULL,NULL,NULL,'dr. Oka Suliani, SpS',NULL,NULL,NULL,1,5,NULL,NULL,NULL,NULL,NULL,NULL,NULL,NULL,NULL,NULL,NULL,NULL,1,NULL,NULL,NULL,NULL,NULL,NULL,NULL,NULL,NULL,NULL,NULL,NULL,NULL,NULL,NULL,NULL,NULL,NULL,NULL,NULL,NULL,NULL,NULL),(264,'131',NULL,NULL,NULL,'dr. IB  Putu Putrawan,SpPD',NULL,NULL,NULL,1,5,NULL,NULL,NULL,NULL,NULL,NULL,NULL,NULL,NULL,NULL,NULL,NULL,1,NULL,NULL,NULL,NULL,NULL,NULL,NULL,NULL,NULL,NULL,NULL,NULL,NULL,NULL,NULL,NULL,NULL,NULL,NULL,NULL,NULL,NULL,NULL),(265,'132',NULL,NULL,NULL,'dr. I Putu Arya Dharma , Sp.B(K)Onk ',NULL,NULL,NULL,1,5,NULL,NULL,NULL,NULL,NULL,NULL,NULL,NULL,NULL,NULL,NULL,NULL,1,NULL,NULL,NULL,NULL,NULL,NULL,NULL,NULL,NULL,NULL,NULL,NULL,NULL,NULL,NULL,NULL,NULL,NULL,NULL,NULL,NULL,NULL,NULL),(266,'133',NULL,NULL,NULL,'dr. I G P Hendra Sanjaya , SpBP - RE',NULL,NULL,NULL,1,5,NULL,NULL,NULL,NULL,NULL,NULL,NULL,NULL,NULL,NULL,NULL,NULL,1,NULL,NULL,NULL,NULL,NULL,NULL,NULL,NULL,NULL,NULL,NULL,NULL,NULL,NULL,NULL,NULL,NULL,NULL,NULL,NULL,NULL,NULL,NULL),(267,'134',NULL,NULL,NULL,'dr.Dewa Putu Wisnu Wardana, SpBS',NULL,NULL,NULL,1,5,NULL,NULL,NULL,NULL,NULL,NULL,NULL,NULL,NULL,NULL,NULL,NULL,1,NULL,NULL,NULL,NULL,NULL,NULL,NULL,NULL,NULL,NULL,NULL,NULL,NULL,NULL,NULL,NULL,NULL,NULL,NULL,NULL,NULL,NULL,NULL),(268,'135',NULL,NULL,NULL,'dr. Belly Sutrisna, SpKJ',NULL,NULL,NULL,1,5,NULL,NULL,NULL,NULL,NULL,NULL,NULL,NULL,NULL,NULL,NULL,NULL,1,NULL,NULL,NULL,NULL,NULL,NULL,NULL,NULL,NULL,NULL,NULL,NULL,NULL,NULL,NULL,NULL,NULL,NULL,NULL,NULL,NULL,NULL,NULL),(269,'136',NULL,NULL,NULL,'dr. Ketut Wiargita , SpB',NULL,NULL,NULL,1,5,NULL,NULL,NULL,NULL,NULL,NULL,NULL,NULL,NULL,NULL,NULL,NULL,1,NULL,NULL,NULL,NULL,NULL,NULL,NULL,NULL,NULL,NULL,NULL,NULL,NULL,NULL,NULL,NULL,NULL,NULL,NULL,NULL,NULL,NULL,NULL),(270,'137',NULL,NULL,NULL,'Prof.Dr.dr.Suastika, SpPD KEMD',NULL,NULL,NULL,1,5,NULL,NULL,NULL,NULL,NULL,NULL,NULL,NULL,NULL,NULL,NULL,NULL,1,NULL,NULL,NULL,NULL,NULL,NULL,NULL,NULL,NULL,NULL,NULL,NULL,NULL,NULL,NULL,NULL,NULL,NULL,NULL,NULL,NULL,NULL,NULL),(271,'138',NULL,NULL,NULL,'dr.Tuty Kuswardhani,SpPD-Kger',NULL,NULL,NULL,1,5,NULL,NULL,NULL,NULL,NULL,NULL,NULL,NULL,NULL,NULL,NULL,NULL,1,NULL,NULL,NULL,NULL,NULL,NULL,NULL,NULL,NULL,NULL,NULL,NULL,NULL,NULL,NULL,NULL,NULL,NULL,NULL,NULL,NULL,NULL,NULL),(272,'139',NULL,NULL,NULL,'dr. I Made Pande Dwipayana,Sp.PD, KEMD,FINASIM',NULL,NULL,NULL,1,5,NULL,NULL,NULL,NULL,NULL,NULL,NULL,NULL,NULL,NULL,NULL,NULL,1,NULL,NULL,NULL,NULL,NULL,NULL,NULL,NULL,NULL,NULL,NULL,NULL,NULL,NULL,NULL,NULL,NULL,NULL,NULL,NULL,NULL,NULL,NULL),(273,'140',NULL,NULL,NULL,'dr.  A.A.Sri Kandyawati, Sp.KFR',NULL,NULL,NULL,1,5,NULL,NULL,NULL,NULL,NULL,NULL,NULL,NULL,NULL,NULL,NULL,NULL,1,NULL,NULL,NULL,NULL,NULL,NULL,NULL,NULL,NULL,NULL,NULL,NULL,NULL,NULL,NULL,NULL,NULL,NULL,NULL,NULL,NULL,NULL,NULL),(274,'141',NULL,NULL,NULL,'dr. Pande Made Murniari Danun, Sp.KFR',NULL,NULL,NULL,1,5,NULL,NULL,NULL,NULL,NULL,NULL,NULL,NULL,NULL,NULL,NULL,NULL,1,NULL,NULL,NULL,NULL,NULL,NULL,NULL,NULL,NULL,NULL,NULL,NULL,NULL,NULL,NULL,NULL,NULL,NULL,NULL,NULL,NULL,NULL,NULL),(275,'143',NULL,NULL,NULL,'dr. Tanjung Subrata',NULL,NULL,NULL,1,5,NULL,NULL,NULL,NULL,NULL,NULL,NULL,NULL,NULL,NULL,NULL,NULL,1,NULL,NULL,NULL,NULL,NULL,NULL,NULL,NULL,NULL,NULL,NULL,NULL,NULL,NULL,NULL,NULL,NULL,NULL,NULL,NULL,NULL,NULL,NULL);

/*Table structure for table `m_penjamin` */

DROP TABLE IF EXISTS `m_penjamin`;

CREATE TABLE `m_penjamin` (
  `id` int(10) unsigned NOT NULL AUTO_INCREMENT,
  `kode` varchar(6) COLLATE utf8mb4_unicode_ci DEFAULT NULL COMMENT 'entry',
  `nama` varchar(30) COLLATE utf8mb4_unicode_ci DEFAULT NULL COMMENT '1=Umum,2=BPJS,3=IKS,4=Karyawan',
  `prefix_antrean` varchar(5) COLLATE utf8mb4_unicode_ci DEFAULT NULL,
  `created_at` timestamp NOT NULL DEFAULT current_timestamp(),
  `created_by` int(11) DEFAULT NULL,
  `updated_at` timestamp NULL DEFAULT NULL,
  `updated_by` int(11) DEFAULT NULL,
  `deleted_at` timestamp NULL DEFAULT NULL,
  PRIMARY KEY (`id`)
) ENGINE=InnoDB AUTO_INCREMENT=12 DEFAULT CHARSET=utf8mb4 COLLATE=utf8mb4_unicode_ci;

/*Data for the table `m_penjamin` */

insert  into `m_penjamin`(`id`,`kode`,`nama`,`prefix_antrean`,`created_at`,`created_by`,`updated_at`,`updated_by`,`deleted_at`) values (1,'01','Umum','U','2022-10-17 11:25:43',NULL,NULL,NULL,NULL),(2,'02','BPJS/JKN','B','2022-10-17 11:25:48',NULL,NULL,NULL,NULL),(3,'03','IKS','I','2022-10-17 11:25:54',NULL,NULL,NULL,NULL),(10,'5','bpjs','b','2022-12-25 01:11:17',NULL,'2022-12-25 01:11:17',NULL,NULL),(11,'04','BPJS 3','B','2023-01-07 00:57:05',NULL,'2023-01-07 00:57:05',NULL,NULL);

/*Table structure for table `t_iks_provider` */

DROP TABLE IF EXISTS `t_iks_provider`;

CREATE TABLE `t_iks_provider` (
  `id` int(10) unsigned NOT NULL AUTO_INCREMENT,
  `iks_id` int(10) unsigned DEFAULT NULL,
  `nomor_iks` varchar(255) DEFAULT NULL,
  `nama_iks` varchar(255) DEFAULT NULL,
  `tanggal_awal` date DEFAULT NULL,
  `tanggal_akhir` date DEFAULT NULL,
  `iks_file` varchar(255) DEFAULT NULL,
  `created_at` datetime DEFAULT NULL,
  `updated_at` datetime DEFAULT NULL,
  PRIMARY KEY (`id`),
  KEY `iks_id` (`iks_id`),
  CONSTRAINT `t_iks_provider_ibfk_1` FOREIGN KEY (`iks_id`) REFERENCES `m_iks` (`id`)
) ENGINE=InnoDB AUTO_INCREMENT=8 DEFAULT CHARSET=utf8mb4;

/*Data for the table `t_iks_provider` */

insert  into `t_iks_provider`(`id`,`iks_id`,`nomor_iks`,`nama_iks`,`tanggal_awal`,`tanggal_akhir`,`iks_file`,`created_at`,`updated_at`) values (4,2,'12345','PT ACE Jaminan 1','2023-01-07','2023-01-13','[PSD] ttd koprodi manajemen.psd','2023-01-07 11:45:45','2023-01-09 03:11:14'),(5,2,'12345','PT ACE Jaminan 3','2023-01-07','2023-01-07','[PDF] file.pdf','2023-01-07 11:47:47','2023-01-09 03:23:12'),(6,2,'12345','PT ACE Jaminan 2','2023-01-13','2023-01-21','[PNG] berani jujur hebat copy.png','2023-01-07 11:51:24','2023-01-10 10:38:40'),(7,3,'12345','PT Asuransi Jaminan 1','2023-01-16','2023-01-16','[JPG] WhatsApp Image 2022-12-28 .jpg','2023-01-08 15:36:21','2023-01-09 03:17:18');

/*Table structure for table `t_komponen_iks` */

DROP TABLE IF EXISTS `t_komponen_iks`;

CREATE TABLE `t_komponen_iks` (
  `id` int(10) unsigned NOT NULL AUTO_INCREMENT,
  `iks_provider_id` int(10) unsigned DEFAULT NULL,
  `iks_gkomponen_id` int(10) unsigned DEFAULT NULL,
  `group` varchar(255) DEFAULT NULL,
  `created_at` datetime DEFAULT NULL,
  `updated_at` datetime DEFAULT NULL,
  PRIMARY KEY (`id`),
  KEY `iks_provider_id` (`iks_provider_id`),
  KEY `iks_gkomponen_id` (`iks_gkomponen_id`),
  CONSTRAINT `t_komponen_iks_ibfk_1` FOREIGN KEY (`iks_provider_id`) REFERENCES `t_iks_provider` (`id`) ON DELETE CASCADE
) ENGINE=InnoDB AUTO_INCREMENT=42 DEFAULT CHARSET=utf8mb4;

/*Data for the table `t_komponen_iks` */

insert  into `t_komponen_iks`(`id`,`iks_provider_id`,`iks_gkomponen_id`,`group`,`created_at`,`updated_at`) values (36,4,NULL,'Dokter','2023-01-17 10:47:51','2023-01-19 08:32:19'),(40,4,NULL,'Obat','2023-01-21 03:09:53','2023-01-21 03:09:53');

/*Table structure for table `t_komponen_iks_d` */

DROP TABLE IF EXISTS `t_komponen_iks_d`;

CREATE TABLE `t_komponen_iks_d` (
  `id` int(10) unsigned NOT NULL AUTO_INCREMENT,
  `komponen_iks_id` int(10) unsigned DEFAULT NULL,
  `komponen_iks_detail` varchar(255) DEFAULT NULL,
  `created_at` datetime DEFAULT NULL,
  `updated_at` datetime DEFAULT NULL,
  PRIMARY KEY (`id`),
  KEY `komponen_iks_id` (`komponen_iks_id`),
  CONSTRAINT `t_komponen_iks_d_ibfk_1` FOREIGN KEY (`komponen_iks_id`) REFERENCES `t_komponen_iks` (`id`) ON DELETE CASCADE
) ENGINE=InnoDB AUTO_INCREMENT=117 DEFAULT CHARSET=utf8mb4;

/*Data for the table `t_komponen_iks_d` */

insert  into `t_komponen_iks_d`(`id`,`komponen_iks_id`,`komponen_iks_detail`,`created_at`,`updated_at`) values (91,36,'Shita','2023-01-19 08:32:19','2023-01-19 08:32:19'),(92,36,'Aswin Parisya','2023-01-19 08:32:19','2023-01-19 08:32:19'),(93,36,'Nanda sahadewa','2023-01-19 08:32:19','2023-01-19 08:32:19'),(94,36,'Sadhu','2023-01-19 08:32:19','2023-01-19 08:32:19'),(95,36,'dr.K.G.Mulyadi Ridia , Sp.OT(K)','2023-01-19 08:32:19','2023-01-19 08:32:19'),(96,36,'dr.Dewa Putu Wisnu Wardana, SpBS','2023-01-19 08:32:19','2023-01-19 08:32:19'),(107,40,'Imboost','2023-01-21 03:09:53','2023-01-21 03:09:53'),(108,40,'Paracetamol','2023-01-21 03:09:53','2023-01-21 03:09:53'),(109,40,'Panadol','2023-01-21 03:09:53','2023-01-21 03:09:53'),(110,40,'Promag','2023-01-21 03:09:53','2023-01-21 03:09:53');

/*Table structure for table `users` */

DROP TABLE IF EXISTS `users`;

CREATE TABLE `users` (
  `id` int(10) unsigned NOT NULL AUTO_INCREMENT,
  `name` varchar(255) COLLATE utf8mb4_unicode_ci NOT NULL,
  `email` varchar(255) COLLATE utf8mb4_unicode_ci NOT NULL,
  `email_verified_at` timestamp NULL DEFAULT NULL,
  `password` varchar(255) COLLATE utf8mb4_unicode_ci NOT NULL,
  `remember_token` varchar(100) COLLATE utf8mb4_unicode_ci DEFAULT NULL,
  `created_at` timestamp NULL DEFAULT NULL,
  `updated_at` timestamp NULL DEFAULT NULL,
  PRIMARY KEY (`id`),
  UNIQUE KEY `users_email_unique` (`email`)
) ENGINE=InnoDB AUTO_INCREMENT=4 DEFAULT CHARSET=utf8mb4 COLLATE=utf8mb4_unicode_ci;

/*Data for the table `users` */

insert  into `users`(`id`,`name`,`email`,`email_verified_at`,`password`,`remember_token`,`created_at`,`updated_at`) values (1,'made','made@gmail.com',NULL,'$2y$10$fUFw7KpzHeV0aUc8B5EMY.Y3h0UFr4jXv3Gjt9JL.mDsmQT5iDTFu','rvMEya4OSXaPeZbvBYNdgcpg6PNcGUUePKqmrfjhQpYrgDioddeM3AYJMwrx','2023-01-11 05:11:53','2023-01-11 05:11:53'),(2,'gede','gede@gmail.com',NULL,'$2y$10$KYvH19sHOY.WbadKMq.ZruQw.J16t4P//bOoytsiz52JVv8dwPYcm','ylGEJwtep685sUKLwgV73Rn0SYhCTdDVsNcasQgXMfCB6N5egOMk6wgR5Fcm','2023-01-17 09:53:24','2023-01-17 09:53:24'),(3,'ketut wiargitha','ketut@gmail.com',NULL,'$2y$10$vZXV2P0AVuK5pLmmsW8dvuN8O0DSj0Am6kP3sxj643BojnoXVvKSa','xxVcDbOp79ObxxupxQszU63WyuFZWbHUXDMbrLJmTVskgu4mDRbSUg0eyRsg','2023-01-18 14:47:15','2023-01-18 14:47:15');

/*!40101 SET SQL_MODE=@OLD_SQL_MODE */;
/*!40014 SET FOREIGN_KEY_CHECKS=@OLD_FOREIGN_KEY_CHECKS */;
/*!40014 SET UNIQUE_CHECKS=@OLD_UNIQUE_CHECKS */;
/*!40111 SET SQL_NOTES=@OLD_SQL_NOTES */;
